,Publication Year,First Author,Authors,Summary,Publication Title,Title,Abstract,URL,Database,Exclude,Reason ID,Reason
0,1886.0,"Richardson, M.",MH RICHARDSON,"MH RICHARDSON - The Boston Medical and Surgical Journal, 1886 - Mass Medical Soc",The Boston Medical And Surgical Journal,"A Case Of Gastrotomy. Digital Exploration Of Œsophagus, And Removal Of Plate Of Teeth; Recovery: Remarks Upon The Operation, And Observations Upon The …","Many cases have been recorded where foreign bod-ies have become lodged in the oesophagus. The most common seat of impaction or lodgement is the very beginning of the tube, at …",https://www.nejm.org/doi/pdf/10.1056/nejm188612161152403,Google Scholar,,,
1,1895.0,"Morrison, W.",WA MORRISON,"WA MORRISON - The Boston Medical and Surgical Journal, 1895 - Mass Medical Soc",The Boston Medical And Surgical Journal,"The Value Of The Stomach-Tube In Feeding After Intubation, Based Upon Twenty-Eight Cases; Also Its Use In Post-Diphtheritic Paralysis","By this method I fed the child with the tube for four weeks, giving six ounces of cream, two ounces of brandy, three drops, three times a day, of tincture of uux vómica, and a digestive …",https://www.nejm.org/doi/pdf/10.1056/nejm189502071320604,Google Scholar,,,
2,1907.0,"Killian, G.",G Killian,"G Killian - Annals of Otology, Rhinology & Laryngology, 1907 - journals.sagepub.com",Annals Of Otology,Xx. The Treatment Of Foreign Bodies In The Respiratory Tract And Esophagus: An Address Delivered Before The American Laryngological. Rhinological And Otological …,"The invitation of your President to deliver an address on the treatment of foreign bodies in the air-passages and esophagus is accepted with great pleasure, inasmuch as it relates to a …",https://journals.sagepub.com/doi/abs/10.1177/000348940701600201,Google Scholar,,,
3,1917.0,"Benedetto, M.",M DI BENEDETTO,"M DI BENEDETTO - REHABILITATION OF THE INJURED …, 1917 - upload.wikimedia.org",Rehabilitation Of The Injured …,Cranial Neuropathies: Electro-Diagnosis And Management,"CONCLUSION * Colonel Medical Corps, US Army (Ret); formerly, Assistant to the Deputy Commanding General, US Army Training Command, Fort Monroe, Virginia; currently, Professor…",https://upload.wikimedia.org/wikipedia/commons/8/8d/rehabilitation_of_the_injured_combatant_volume_1_%28ia_rehabilitationoftheinjuredcombatantvolume1%29.pdf#page=287,Google Scholar,,,
4,1917.0,"Ritter, T.",TJ Ritter,"TJ Ritter - Nursing, 1917 - uk.i-scream.org",Nursing,Mother'S Remedies,╨╧*αí▒*ß>*■ *¡zV*|V*╠U*═U╬U╧U╨U╤U╥U╙U╘U╒U╓U╫U╪U┘U┌U█U▄U▌U▐U▀UαUßUΓUπUΣUσUµUτUΦUΘUΩUδU∞UφUεU∩U≡U±U≥U≤U⌠U⌡U÷U≈UU∙U·…,ftp://ftp.uk.i-scream.org/sites/gutenberg.org/1/7/4/3/17439/17439-doc.doc,Google Scholar,,,
5,1919.0,"Walsh, J.",JJ Walsh,"JJ Walsh - Annals of Medical History, 1919 - ncbi.nlm.nih.gov",Annals Of Medical History,Two Chapters In The History Of Laryngology And Rhinology,HE writings and addresses of Dr. D. Bryson Delavan have been especially important in calling at tention to the fact that the spe cial chapter in the history of medicine of which physicians …,https://www.ncbi.nlm.nih.gov/pmc/articles/pmc7944726/,Google Scholar,,,
6,1925.0,"Richards, L.",L Richards,"L Richards - The Boston Medical and Surgical Journal, 1925 - Mass Medical Soc",The Boston Medical And Surgical Journal,A Year Of Endoscopy,has of lateyears become increasingly serviceable inthe examination of the upper respiratory and alimentary tracts. With the progress in efficiency of the instruments and the technical …,https://www.nejm.org/doi/pdf/10.1056/nejm192510221931702,Google Scholar,,,
7,1945.0,"Samuel, D.","DB McGrigor, E Samuel","DB McGrigor, E Samuel - The British Journal of Radiology, 1945 - academic.oup.com",The British Journal Of Radiology,War Wounds Of The Chest,"That chest wounds occur frequently and are of considerable importance can be seen from Table I, which analyses the frequency and the fatality rates of chest injuries in the recent wars. …",https://academic.oup.com/bjr/article-abstract/18/209/133/7297477,Google Scholar,,,
8,1974.0,"Rosenow, E.",EC Rosenow,"EC Rosenow - The esophagus. Philadelphia: Lea & Febiger, 1974",The Esophagus. Philadelphia: Lea & Febiger,Foreign Bodies Of The Esophagus,,,Google Scholar,,,
9,1975.0,"Samson, R.","RJ Jones, PC Samson","RJ Jones, PC Samson - The Annals of Thoracic Surgery, 1975 - Elsevier",The Annals Of Thoracic Surgery,Esophageal Injury,The medicolegal literature contains a number of references to esophageal injury. Certain excerpts dealing with several types of potential actions are extracted: (1) suits to recover …,https://www.sciencedirect.com/science/article/pii/s0003497510640076,Google Scholar,,,
10,1976.0,"Kottmeier, P.",PK Kottmeier,"PK Kottmeier - Current problems in pediatrics, 1976 - Elsevier",Current Problems In Pediatrics,What The Pediatrician Should Know About Pediatric Trauma,"To study incidence and cause-and-effect relationship in pediatric trauma, we reviewed all accidental deaths which occurred in children under the age of 13 years from 1968 to 1972 in …",https://www.sciencedirect.com/science/article/pii/s0045938076800047,Google Scholar,,,
11,1977.0,"Chasin, W.",WD Chasin,"WD Chasin - Hospital Practice, 1977 - Taylor & Francis",Hospital Practice,Pediatric Otolaryngologic Crises,"In the second article on pediatric otolaryngology, speed of diagnosis is stressed as vital to prevent permanent aftereffects such as deafness or facial paralysis. Aggressive education of …",https://www.tandfonline.com/doi/abs/10.1080/21548331.1977.11707097,Google Scholar,,,
12,1979.0,"Kruter, J.",JS Kruter,"JS Kruter - Issues in Comprehensive Pediatric Nursing, 1979 - Taylor & Francis",Issues In Comprehensive Pediatric Nursing,A Comprehensive Nursing Approach To Pediatric Facial Injuries,"E. Sunburn It is important to remember that often these categories overlap. For example, an injury resulting from a purposeful push is an intended injury. A flame burn to a child who was …",https://www.tandfonline.com/doi/pdf/10.3109/01460867909110999,Google Scholar,,,
13,1982.0,"Putman, G.","GE Newman, EL Effman, CE Putman","GE Newman, EL Effman, CE Putman - Current Problems in Diagnostic …, 1982 - Elsevier",Current Problems In Diagnostic …,Pulmonary Aspiration Complexes In Adults,The term pulmonary aspiration complex represents the various types of pulmonary aspiration based on the nature of the material aspirated. Pulmonary aspiration continues to be an ever…,https://www.sciencedirect.com/science/article/pii/0363018882900287,Google Scholar,,,
14,1983.0,"Teplick, L.","LR Goodman, SK Teplick","LR Goodman, SK Teplick - Radiologic Clinics of North America, 1983 - Elsevier",Radiologic Clinics Of North America,Computed Tomography In Acute Cardiopulmonary Disease,"With increasing experience and better equipment, the role of thoracic CT is rapidly expanding. In patients with specific clinical problems such as outlined above, CT is the single imaging …",https://www.sciencedirect.com/science/article/pii/s003383892201123x,Google Scholar,,,
15,1984.0,"Weher, A.",AL Weher,"AL Weher - Otolaryngologic Clinics of North America, 1984 - Elsevier",Otolaryngologic Clinics Of North America,Radiology Of The Larynx,Diseases of the larynx cover a wide spectrum of different entities that are investigated by various radiologic techniques. The indications for these different radiologic examinations …,https://www.sciencedirect.com/science/article/pii/s0030666520319897,Google Scholar,,,
16,1986.0,"Wagner, P.","PJ Mariani, DK Wagner","PJ Mariani, DK Wagner - The Journal of emergency medicine, 1986 - Elsevier",The Journal Of Emergency Medicine,Foley Catheter Extraction Of Blunt Esophageal Foreign Bodies,The case is reported of a successful Foley catheter extraction of two superimposed coins from the esophagus of an 8-year-old girl. The presence of the second coin was suspected only …,https://www.sciencedirect.com/science/article/pii/0736467986900065,Google Scholar,,,
17,1986.0,"Johnston, J.",JFW Johnston,"JFW Johnston - Journal of Psychoactive Drugs, 1986 - Taylor & Francis",Journal Of Psychoactive Drugs,The Narcotics We Indulge In. Part Ii,"In a previous number we treated of tobacco and the hop, the two narcotics of the most general and acknowledged use among our British population. But there are many others in …",https://www.tandfonline.com/doi/pdf/10.1080/02791072.1986.10471393,Google Scholar,,,
18,1986.0,"Wetli, R.","R Beerman, D Nunez, CV Wetli","R Beerman, D Nunez, CV Wetli - Gastrointestinal radiology, 1986 - Springer",Gastrointestinal Radiology,Radiographic Evaluation Of The Cocaine Smuggler,A retrospective analysis of the plain abdominal films of 53 “ body packer ” drug smugglers was performed to ascertain the importance of radiographic studies in the diagnosis and …,https://link.springer.com/article/10.1007/bf02035108,Google Scholar,,,
19,1988.0,"Strife, J.",JL Strife,"JL Strife - Radiologic Clinics of North America, 1988 - Elsevier",Radiologic Clinics Of North America,Upper Airway And Tracheal Obstruction In Infants And Children,"The radiologist plays a key role in the diagnosis of airway obstruction in children. Most diagnoses are made on the basis of plain films. In more complicated or complex entities, CT and …",https://www.sciencedirect.com/science/article/pii/s0033838922009873,Google Scholar,,,
20,1988.0,"Kozarek, R.",RA Kozarek,"RA Kozarek - The Esophagus. Philadelphia: WB Saunders, 1988",The Esophagus. Philadelphia: Wb Saunders,Esophageal Foreign Bodies And Food Impaction,,,Google Scholar,,,
21,1989.0,"Bolte, J.","JE Schunk, H Corneli, R Bolte","JE Schunk, H Corneli, R Bolte - American Journal of Diseases of …, 1989 - jamanetwork.com",American Journal Of Diseases Of …,Pediatric Coin Ingestions: A Prospective Study Of Coin Location And Symptoms,• Coins are the most common esophageal foreign body in children. We prospectively evaluated 52 consecutive children who had swallowed coins to determine the incidence of …,https://jamanetwork.com/journals/jamapediatrics/article-abstract/514589,Google Scholar,,,
22,1989.0,"Garlick, D.","D Dayan, A Buchner, J Garlick","D Dayan, A Buchner, J Garlick - Journal of endodontics, 1989 - jendodon.com",Journal Of Endodontics,Touton-Like Giant Cells In Periapical Granulomas,"Two types of multinucleated giant cells were observed in periapical granulomas—th foreign body type and the Touton type. In the Touton type, the nuclei were near the center of the cell, …",https://www.jendodon.com/article/s0099-2399(89)80237-7/abstract,Google Scholar,,,
23,1989.0,"Cristol, M.","MK Mountford, RE Cristol","MK Mountford, RE Cristol - Food, Drug, Cosmetic Law Journal, 1989 - JSTOR",Food,The Enteral Formula Market In The United States,The role of nutrition in the maintenance of optimal health has recognized for centuries. An understanding of the unique nutritiona quirements for certain medical conditions and diseases…,https://www.jstor.org/stable/26659397,Google Scholar,,,
24,1992.0,"Clarkston, W.",WK Clarkston,"WK Clarkston - Postgraduate medicine, 1992 - Taylor & Francis",Postgraduate Medicine,"Gastrointestinal Foreign Bodies: When To Remove Them, When To Watch And Wait","Preview Many foreign bodies traverse the gastrointestinal tract without incident, but others require immediate endoscopic or surgical removal. Which types of objects pose the greatest …",https://www.tandfonline.com/doi/pdf/10.1080/00325481.1992.11701481,Google Scholar,,,
25,1993.0,"Tomoo…, T.","T Ken, Y Sunichi, U Toshiro, T Tomoo…","T Ken, Y Sunichi, U Toshiro, T Tomoo… - Chinese Medical …, 1993 - mednexus.org",Chinese Medical …,Endoscopic Removal Of Foreign Bodies In The Mentally And Physically Handicapped,"Although foreign bodies of the gastrointestinal tract are common in children, they are rare in the adult. Complications of the foreign bodies are well recognized to be a cause of …",https://mednexus.org/doi/abs/10.5555/cmj.0366-6999.106.10.p788.01,Google Scholar,,,
26,1993.0,"Towbin, R.","RD Kaye, RG Grifka, R Towbin","RD Kaye, RG Grifka, R Towbin - Radiologic Clinics of North America, 1993 - Elsevier",Radiologic Clinics Of North America,Intervention In The Thorax In Children,"The techniques and tools of interventional radiology have had a significant effect on the management of adult patients. The 1970s and 1980s have been a period of active development, …",https://www.sciencedirect.com/science/article/pii/s0033838922026148,Google Scholar,,,
27,1994.0,"Lan, R.",RS Lan,"RS Lan - European Respiratory Journal, 1994 - Eur Respiratory Soc",European Respiratory Journal,Non-Asphyxiating Tracheobronchial Foreign Bodies In Adults,,,Google Scholar,,,
28,1995.0,"Mäurer…, J.","J Hierholzer, M Cordes, H Tantow, U Keske, J Mäurer…","J Hierholzer, M Cordes, H Tantow, U Keske, J Mäurer… - Abdominal …, 1995 - Springer",Abdominal …,Drug Smuggling By Ingested Cocaine-Filled Packages: Conventional X-Ray And Ultrasound,Purpose To evaluate the imaging characteristics and the diagnostic value of both abdominal ultrasound and conventional abdominal x-ray in identifying ingested drug packages in “…,https://link.springer.com/article/10.1007/bf00203366,Google Scholar,,,
29,1996.0,"Darrow…, P.","PS Lemberg, DH Darrow…","PS Lemberg, DH Darrow… - Annals of Otology …, 1996 - journals.sagepub.com",Annals Of Otology …,Aerodigestive Tract Foreign Bodies In The Older Child And Adolescent,"This study was undertaken in order to establish the incidence of aerodigestive tract foreign body accidents among older children and adolescents, and to investigate the circumstances …",https://journals.sagepub.com/doi/abs/10.1177/000348949610500404,Google Scholar,,,
30,1996.0,"Armstrong, M.",M Armstrong,"M Armstrong - The Journal of Aesthetics and Art Criticism, 1996 - JSTOR",The Journal Of Aesthetics And Art Criticism,""" The Effects Of Blackness"": Gender, Race, And The Sublime In Aesthetic Theories Of Burke And Kant","Stereotypes, however inaccurate, are one form of representation. Like fictions, they are created to serve as substitutions, standing in for what is real. They are there not to tell it like it is …",https://www.jstor.org/stable/431624,Google Scholar,,,
31,1996.0,"Loughlin, M.","MA Lefton-Greif, GM Loughlin","MA Lefton-Greif, GM Loughlin - Seminars in Speech and …, 1996 - thieme-connect.com",Seminars In Speech And …,Specialized Studies In Pediatric Dysphagia,The evaluation and management of the pediatric patient with a feeding and swallowing disorder may require the use of specialized studies to evaluate specific aspects of swallowing …,https://www.thieme-connect.com/products/ejournals/html/10.1055/s-2008-1064106,Google Scholar,,,
32,1997.0,"Coren…, B.","BF Gilchrist, EP Valerie, M Nguyen, C Coren…","BF Gilchrist, EP Valerie, M Nguyen, C Coren… - Journal of pediatric …, 1997 - Elsevier",Journal Of Pediatric …,"Pearls And Perils In The Management Of Prolonged, Peculiar, Penetrating Esophageal Foreign Bodies In Children",Background/Purpose: Most retained esophageal foreign bodies (FB) are identified soon after ingestion and are easily extracted. A minority of FB ingestions are not identified for weeks …,https://www.sciencedirect.com/science/article/pii/s0022346897905546,Google Scholar,,,
33,1997.0,"Ozanne-Smith, A.","AE Altmann, J Ozanne-Smith","AE Altmann, J Ozanne-Smith - Injury Prevention, 1997 - injuryprevention.bmj.com",Injury Prevention,Non-Fatal Asphyxiation And Foreign Body Ingestion In Children 0-14 Years.,"OBJECTIVES: To examine the frequency and nature of non-fatal asphyxiation and foreign body ingestion injuries among children in the state of Victoria, Australia, and to identify …",https://injuryprevention.bmj.com/content/3/3/176.short,Google Scholar,,,
34,1998.0,"Snyder…, S.","SE Morrow, SW Bickler, AP Kennedy, CL Snyder…","SE Morrow, SW Bickler, AP Kennedy, CL Snyder… - Journal of pediatric …, 1998 - Elsevier",Journal Of Pediatric …,Balloon Extraction Of Esophageal Foreign Bodies In Children,"Background: Whereas esophageal foreign bodies are commonly removed with rigid esophagoscopy under general anesthesia, selected foreign bodies also can be removed using a …",https://www.sciencedirect.com/science/article/pii/s0022346898904444,Google Scholar,,,
35,1998.0,"Mahadevan…, N.","NHA Kasim, BJJ Abdullah, J Mahadevan…","NHA Kasim, BJJ Abdullah, J Mahadevan… - Annals of Dentistry …, 1998 - mojes.um.edu.my",Annals Of Dentistry …,The Radiopacity Of Dental Prostheses (Fixed And Removable) On Plain Radiographs-An Experimental Study,The impaction of dental prostheses in either the airway or esophagus is an under-recognized problem which may result in severe morbidity or even mortality. The radio-opacity and the …,https://mojes.um.edu.my/index.php/adum/article/view/7078,Google Scholar,,,
36,1998.0,"Messner, A.",AH Messner,"AH Messner - Clinical pediatrics, 1998 - journals.sagepub.com",Clinical Pediatrics,Pitfalls In The Diagnosis Of Aerodigestive Tract Foreign Bodies,"In the young child, particularly those between the ages of 1 and 3 years, aerodigestive tract foreign bodies continue to be a significant problem. Early diagnosis and treatment can …",https://journals.sagepub.com/doi/abs/10.1177/000992289803700605,Google Scholar,,,
37,2000.0,"Quesenberry, A.","A Adamcak, LR Hess, KE Quesenberry","A Adamcak, LR Hess, KE Quesenberry - Journal of Avian Medicine and …, 2000 - BioOne",Journal Of Avian Medicine And …,Intestinal String Foreign Body In An Adult Umbrella Cockatoo (Cacatua Alba),"Gastrointestinal foreign bodies are reported in zoo birds, ratites, and juvenile psittacine birds; however, foreign body ingestion by adult psittacine birds is uncommon. We examined an …",https://bioone.org/journals/journal-of-avian-medicine-and-surgery/volume-14/issue-4/1082-6742_2000_014_0257_isfbia_2.0.co_2/intestinal-string-foreign-body-in-an-adult-umbrella-cockatoo-cacatua/10.1647/1082-6742(2000)014[0257:isfbia]2.0.co;2.short,Google Scholar,,,
38,2000.0,"Pappas…, E.","EG Chekan, TN Pappas…","EG Chekan, TN Pappas… - Surgery: Basic Science …, 2000 - books.google.com",Surgery: Basic Science …,General Principles,"The historical development of laparoscopy can be traced to early in the nineteenth century when, using reflected candlelight, Bozzini, an Italian physician living in Germany, first …",https://books.google.com/books?hl=en&lr=&id=vhwr9u09cwic&oi=fnd&pg=pa429&dq=%0a++++++++++++(%22foreign+obj*%22+or+%22foreign+bod*%22)%0a++++++++++++and%0a++++++++++++(%22intent*%22+or+%22deliberate*%22+or+%22purpose*%22+or+%22self-injur*%22+or+%22selfharm*%22+or+%22self-harm*%22)%0a++++++++++++and%0a++++++++++++(%22ingest*%22+or+%22swallow*%22)%0a++++++++++++&ots=now1r8suor&sig=gpho3webmfdzptkpale6za5hyqi,Google Scholar,,,
39,2002.0,"El-Zomor, E.","E SHETA, S EL-ZOMOR","E SHETA, S EL-ZOMOR - Veterinary Medical Journal (Giza), 2002 - journals.ekb.eg",Veterinary Medical Journal (Giza),Alimentary Tract Foreign Bodies In Dogs And Cats,"Twelve cats and nine dogs suffering incidental swallowing of foreign bodies were included in this study. Various foreign bodies were detected in their mouth, oesophagus, stomach and …",https://journals.ekb.eg/article_369369.html,Google Scholar,,,
40,2006.0,"Canadian, F.",FRY Canadian,"FRY Canadian - Otolaryngology-Head and Neck Surgery, 2006",Otolaryngology-Head And Neck Surgery,"Wednesday, September 20, 2006",,,Google Scholar,,,
41,2007.0,"Forter, G.",G Forter,"G Forter - Narrative, 2007 - JSTOR",Narrative,"Freud, Faulkner, Caruth: Trauma And The Politics Of Literary Form","For the growing number of cri forces, psychic experience, and since the publication of Cathy C portant opportunity for reflectio influential. It brings sophisticat processes, developing …",https://www.jstor.org/stable/30219258,Google Scholar,,,
42,2008.0,"Al-Ani, A.","A Qureshi, F Al-Ani","A Qureshi, F Al-Ani - … and Diseases. Amman, Jordan. Dar Ammar …, 2008 - researchgate.net",… And Diseases. Amman,The Digestive System,"Diseases of the digestive system are of great concern, especially for camels used for racing or draught purposes. These camels do not get enough grazing and bruising time and are fed …",https://www.researchgate.net/profile/falah-al-ani/publication/256292415_the_digestive_system/links/57831d2008ae01f736e8f532/the-digestive-system.pdf,Google Scholar,,,
43,2008.0,"Ahmad, E.",ET Ahmad,"ET Ahmad - Laser Therapy, 2008 - jstage.jst.go.jp",Laser Therapy,Hyperbaric Oxygen Therapy Versus Laser Therapy On The Acceleration Of Venous Leg Ulcer Healing,"Venous leg ulcers represent a significant medical, economic and social problem (2). Many ulcers are chronic, having demonstrated poor responses to the conventional therapeutic …",https://www.jstage.jst.go.jp/article/islsm/17/2/17_2_75/_article/-char/ja/,Google Scholar,,,
44,2008.0,"Pathare, S.",SS PATHARE,"SS PATHARE - Pediatric Hospital Medicine: Textbook of Inpatient …, 2008 - books.google.com",Pediatric Hospital Medicine: Textbook Of Inpatient …,B Foreign Body Ingestion,Foreign body ingestion is a very common pediatric problem. Most ingestions occur in children under the age of 4 years. The majority of ingested foreign bodies (up to 80% to 90%) are …,https://books.google.com/books?hl=en&lr=&id=sv6-ifugomyc&oi=fnd&pg=pa238&dq=++++++++++++(%22foreign+obj*%22+or+%22foreign+bod*%22)++++++++++++and++++++++++++(%22intent*%22+or+%22deliberate*%22+or+%22purpose*%22+or+%22self-injur*%22+or+%22selfharm*%22+or+%22self-harm*%22)++++++++++++and++++++++++++(%22ingest*%22+or+%22swallow*%22)++++++++++++&ots=27nwesxcbx&sig=scuakwlwkp1zsgkwxmooe3rdtfo,Google Scholar,,,
45,2008.0,"Ćeranić, P.","P Skok, A Ocepek, D Ćeranić","P Skok, A Ocepek, D Ćeranić - Acta medico-biotechnica, 2008 - journals.um.si",Acta Medico-Biotechnica,The Role Of Emergency Endoscopy In Upper Git Foreign Body Extraction,Purpose: Foreign bodies in the upper gastrointestinal tract (GIT) rarely cause urgent problems in gastroenterology. The purpose of the study was to assess the percentage of patients in …,https://journals.um.si/index.php/amb/article/view/1293,Google Scholar,,,
46,2008.0,"Fathi, N.","N Hatim, B Fathi","N Hatim, B Fathi - Al-Rafidain Dental Journal, 2008 - rden.mosuljournals.com",Al-Rafidain Dental Journal,Gag Reflex Reduction In A Patient With Maxillofacial Prosthesis.(A Clinical Report),Aim: the study was dedicated to demonstrate the importance of binding the old concepts of preventingthe gag reflex during the prosthodontic work together with the new advance in the …,https://rden.mosuljournals.com/index.php/rden/article/view/206,Google Scholar,,,
47,2009.0,"Lobectomy, S.",S Lobectomy,"S Lobectomy - Medical Management of the Thoracic Surgery …, 2009 - books.google.com",Medical Management Of The Thoracic Surgery …,Wedge Resection,"Therapeutic bronchoscopy consists of airway interventions performed to restore or maintain airway patency, either for palliation or cure of malignant and benign lesions of the upper and …",https://books.google.com/books?hl=en&lr=&id=a22rbfxqkqcc&oi=fnd&pg=pa105&dq=%0a++++++++++++(%22foreign+obj*%22+or+%22foreign+bod*%22)%0a++++++++++++and%0a++++++++++++(%22intent*%22+or+%22deliberate*%22+or+%22purpose*%22+or+%22self-injur*%22+or+%22selfharm*%22+or+%22self-harm*%22)%0a++++++++++++and%0a++++++++++++(%22ingest*%22+or+%22swallow*%22)%0a++++++++++++&ots=qfnwfeps2q&sig=zq4sk3va1phuy1upvq6azqxiiic,Google Scholar,,,
48,2010.0,"Kleiman…, B.","B Joseph, J Antrim, DG Kleiman…","B Joseph, J Antrim, DG Kleiman… - Wild mammals in …, 2010 - books.google.com",Wild Mammals In …,Special Considerations For The Maintenance Of Marine Mammals In Captivity,"Marine mammals are a unique group of warm-blooded animals that, with the exception of a few freshwater species, make their living from the sea. However, marine mammals did not …",https://books.google.com/books?hl=en&lr=&id=a1vev5hf7o8c&oi=fnd&pg=pa181&dq=%0a++++++++++++(%22foreign+obj*%22+or+%22foreign+bod*%22)%0a++++++++++++and%0a++++++++++++(%22intent*%22+or+%22deliberate*%22+or+%22purpose*%22+or+%22self-injur*%22+or+%22selfharm*%22+or+%22self-harm*%22)%0a++++++++++++and%0a++++++++++++(%22ingest*%22+or+%22swallow*%22)%0a++++++++++++&ots=ocal0ekays&sig=boj1h1dvsspex3m7sipt-2mfqa8,Google Scholar,,,
49,2011.0,"King, J.","JKS Woo, WWK King","JKS Woo, WWK King - Fundamentals of Surgical Practice, 2011 - books.google.com",Fundamentals Of Surgical Practice,Fundamentals Of Head And Neck Surgery,"Preauricular sinus is a common congenital condition; there is no requirement for treatment unless it becomes infected (Figure 18.1). It may then present with pain, swelling and discharge…",https://books.google.com/books?hl=en&lr=&id=3wcyans3z_gc&oi=fnd&pg=pa306&dq=%0a++++++++++++(%22foreign+obj*%22+or+%22foreign+bod*%22)%0a++++++++++++and%0a++++++++++++(%22intent*%22+or+%22deliberate*%22+or+%22purpose*%22+or+%22self-injur*%22+or+%22selfharm*%22+or+%22self-harm*%22)%0a++++++++++++and%0a++++++++++++(%22ingest*%22+or+%22swallow*%22)%0a++++++++++++&ots=0vc1_b7fa5&sig=4pn2azbu_gfumufthpto1bnkkty,Google Scholar,,,
50,2011.0,"Hsu…, M.","MD Catherine Lewis, HK Hsu…","MD Catherine Lewis, HK Hsu… - Journal of the National …, 2011 - search.proquest.com",Journal Of The National …,Aspiration Of Foreign Bodies In Adults With Personality Disorders: Impact On Diagnosis And Recurrence,"Most cases of foreign-body aspiration are accidental events in children, whereas the majority of adults will have neurological dysfunction, trauma, alcohol abuse, or psychological …",https://search.proquest.com/openview/815872143532a70e197510bb0f49cc93/1?pq-origsite=gscholar&cbl=36588,Google Scholar,,,
51,2012.0,"Marwat, K.","K Iqbal, MI Khan, M Marwat","K Iqbal, MI Khan, M Marwat - Gomal Journal of Medical Sciences, 2012 - gjms.com.pk",Gomal Journal Of Medical Sciences,Esophageal Foreign Bodies: Experience With Rigid Esophagoscopy At Dera Ismail Khan,Background: Foreign body ingestion is a common presenting problem in our society. Rigid esophagoscopy for extraction of ingested foreign bodies is the recommended treatment. The …,http://gjms.com.pk/index.php/journal/article/view/257,Google Scholar,,,
52,2012.0,"Nawras, M.","M Niazi, E Rafiq, A Nawras","M Niazi, E Rafiq, A Nawras - … journal of the American College of …, 2012 - journals.lww.com",… Journal Of The American College Of …,Eus-Guided Fna For Metastatic Renal Cell Carcinoma Of Native Kidney In A Renal Transplant Patient: 1388,"Purpose: Adults are usually able to recall the type and amount of foreign bodies ingested, but might not be reliable in the setting of possible intoxication. A 23 year old female without …",https://journals.lww.com/ajg/fulltext/2012/10001/eus_guided_fna_for_metastatic_renal_cell_carcinoma.1388.aspx,Google Scholar,,,
53,2012.0,"Yung, K.","KC Huoh, KC Yung","KC Huoh, KC Yung - Otolaryngology, 2012",Otolaryngology,Retained Denture In Oropharynx,,,Google Scholar,,,
54,2012.0,"Kurtz…, N.","N Sonpal, R Taunk, A Randhawa, L Kurtz…","N Sonpal, R Taunk, A Randhawa, L Kurtz… - Official journal of the …, 2012 - journals.lww.com",Official Journal Of The …,Diagnosis Of Retroperitoneal Metastatic Malignant Melanoma By Eus-Guided Fna: A Rare Finding Diagnosed By A Novel Modality: 1386,"Purpose: Malignant melanoma is a neoplasm which originates from melanocytes. Thought it is a rare form of skin cancer there are about 160,000 new cases of melanoma yearly …",https://journals.lww.com/ajg/fulltext/2012/10001/diagnosis_of_retroperitoneal_metastatic_malignant.1386.aspx,Google Scholar,,,
55,2012.0,"Pappas…, E.","EG Chekan, TN Pappas…","EG Chekan, TN Pappas… - Surgery: Basic Science …, 2012 - books.google.com",Surgery: Basic Science …,Of Minimally,"The historical development of laparoscopy can be traced to early in the nineteenth century when, using reflected candlelight, Bozzini, an Italian physician living in Germany, first …",https://books.google.com/books?hl=en&lr=&id=p9mgcaaaqbaj&oi=fnd&pg=pa429&dq=%0a++++++++++++(%22foreign+obj*%22+or+%22foreign+bod*%22)%0a++++++++++++and%0a++++++++++++(%22intent*%22+or+%22deliberate*%22+or+%22purpose*%22+or+%22self-injur*%22+or+%22selfharm*%22+or+%22self-harm*%22)%0a++++++++++++and%0a++++++++++++(%22ingest*%22+or+%22swallow*%22)%0a++++++++++++&ots=a-cbq5fcw4&sig=bsl5cc-amgd-xvwcrfgyzocog6s,Google Scholar,,,
56,2012.0,"Huston, A.","A Chiao, M Huston","A Chiao, M Huston - An Introduction to Clinical Emergency …, 2012 - books.google.com",An Introduction To Clinical Emergency …,24C Throat Pain,"Throat pain is one of the most common complaints seen by all health care providers, with pharyngitis being the most common cause of throat pain. Viruses are the most common cause …",https://books.google.com/books?hl=en&lr=&id=pyalcofbhjic&oi=fnd&pg=pa321&dq=%0a++++++++++++(%22foreign+obj*%22+or+%22foreign+bod*%22)%0a++++++++++++and%0a++++++++++++(%22intent*%22+or+%22deliberate*%22+or+%22purpose*%22+or+%22self-injur*%22+or+%22selfharm*%22+or+%22self-harm*%22)%0a++++++++++++and%0a++++++++++++(%22ingest*%22+or+%22swallow*%22)%0a++++++++++++&ots=hd14fc3hsg&sig=feo3xtl79ojtjtkwpq1yci2fcwg,Google Scholar,,,
57,2014.0,"Jeon…, S.","S Park, DS Choi, HS Shin, JM Cho, KN Jeon…","S Park, DS Choi, HS Shin, JM Cho, KN Jeon… - Acta …, 2014 - journals.sagepub.com",Acta …,Fish Bone Foreign Bodies In The Pharynx And Upper Esophagus: Evaluation With 64-Slice Mdct,Background Fish bone (FB) is one of the common causes of foreign body impaction in the pharynx and esophagus. Purpose To investigate the efficacy of 64-slice multidetector …,https://journals.sagepub.com/doi/abs/10.1177/0284185113493087,Google Scholar,,,
58,2014.0,"Dallimore, J.",J Dallimore,"J Dallimore - Expedition Medicine, 2014 - taylorfrancis.com",Expedition Medicine,First Aid And Management Of Minor Injuries,"Serious accidents and injuries on expeditions are rare. However, m inor injuries of one kind or another are encountered on most expeditions. In some cases injured expedition members …",https://www.taylorfrancis.com/chapters/edit/10.4324/9781315063621-20/first-aid-management-minor-injuries-jon-dallimore,Google Scholar,,,
59,2015.0,"Onotai, L.",L OBUKOWHO ONOTAI,"L OBUKOWHO ONOTAI - Online Journal of Otolaryngology, 2015",Online Journal Of Otolaryngology,Disk Batteries In The Esophagus Of Nigerian Children: Case Series.,,,Google Scholar,,,
60,2015.0,"Adaobi, O.","OO Lucky, EO Adaobi","OO Lucky, EO Adaobi - Online Journal of Otolaryngology, 2015 - Citeseer",Online Journal Of Otolaryngology,Disk Batteries In The Esophagus Of Nigerian Children: Case Series,Foreign body (FB) ingestion is common in clinical practice especially in children. Its impaction in the esophagus constitutes an important cause of morbidity and mortality in our …,https://citeseerx.ist.psu.edu/document?repid=rep1&type=pdf&doi=2924fc8ebe5922646a52365ac8b4e9b15ee95e3f,Google Scholar,,,
61,2015.0,"Washington, C.",CM Washington,"CM Washington - Principles and Practice of Radiation Therapy-E …, 2015 - books.google.com",Principles And Practice Of Radiation Therapy-E …,Surface And Sectional Anatomy,"• Compare and contrast aspects of anatomic positioning, anatomy features, and organ/tissue location used by the radiation oncology team for treatment planning and delivery. …",https://books.google.com/books?hl=en&lr=&id=zzmwbwaaqbaj&oi=fnd&pg=pa388&dq=%0a++++++++++++(%22foreign+obj*%22+or+%22foreign+bod*%22)%0a++++++++++++and%0a++++++++++++(%22intent*%22+or+%22deliberate*%22+or+%22purpose*%22+or+%22self-injur*%22+or+%22selfharm*%22+or+%22self-harm*%22)%0a++++++++++++and%0a++++++++++++(%22ingest*%22+or+%22swallow*%22)%0a++++++++++++&ots=4de2wiz7ct&sig=nmjx4ic5ce1f53xettjaidnhzzc,Google Scholar,,,
62,2016.0,"Tear, M.",M Tear,"M Tear - Small Animal Surgical Nursing-E-Book, 2016 - books.google.com",Small Animal Surgical Nursing-E-Book,8 Surgical Procedures,During a surgical procedure the veterinarian’s complete attention needs to be directed to the procedure being performed. Even the simplest of procedures can take a turn for the worse if …,https://books.google.com/books?hl=en&lr=&id=bb1udqaaqbaj&oi=fnd&pg=pa129&dq=%0a++++++++++++(%22foreign+obj*%22+or+%22foreign+bod*%22)%0a++++++++++++and%0a++++++++++++(%22intent*%22+or+%22deliberate*%22+or+%22purpose*%22+or+%22self-injur*%22+or+%22selfharm*%22+or+%22self-harm*%22)%0a++++++++++++and%0a++++++++++++(%22ingest*%22+or+%22swallow*%22)%0a++++++++++++&ots=mh2mwkxj9y&sig=ajdhiqf9jceqmaugvku9wvwi_4i,Google Scholar,,,
63,2016.0,"Konturek, A.","A Gałczyński, E Cieplińska, A Konturek","A Gałczyński, E Cieplińska, A Konturek - Polish Journal of Surgery, 2016 - ppch.pl",Polish Journal Of Surgery,Habitual Intentional Foreign Body Ingestion–A Literature Review,Foreign body ingestion is a commonly reported clinical problem. There are no data to evaluate the prevalence of this phenomenon in Poland. In the United States the annual death rate …,https://ppch.pl/api/files/view/69263.pdf,Google Scholar,,,
64,2016.0,"Cieplińska…, A.","A Gałczyński, E Cieplińska…","A Gałczyński, E Cieplińska… - Polski Przegląd …, 2016 - Index Copernicus",Polski Przegląd …,Nawykowe Celowe Połykanie Ciał Obcych–Przegląd Piśmiennictwa,,,Google Scholar,,,
65,2016.0,"Saad, M.",MN Saad,"MN Saad - IEEE pulse, 2016 - ieeexplore.ieee.org",Ieee Pulse,Could Al-Zahrawi Be Considered A Biomedical Engineer?,"In one?s career, it is good to look back at the predecessors in the field. Biomedical engineering history is full of hidden treasures, one of whom is Al-Zahrawi, a Muslim surgeon who had …",https://ieeexplore.ieee.org/abstract/document/7432067/,Google Scholar,,,
66,2016.0,"Yeom…, C.","CW Lim, MH Park, HJ Do, JS Yeom…","CW Lim, MH Park, HJ Do, JS Yeom… - Pediatric …, 2016 - synapse.koreamed.org",Pediatric …,"Factors Associated With Removal Of Impactted Fishbone In Children, Suspected Ingestion",Purpose The management and clinical course in pediatric patients who had ingested foreign body were investigated retrospectively to evaluate the frequency and factor associated with …,https://synapse.koreamed.org/articles/1080895,Google Scholar,,,
67,2016.0,"Maglen, K.",K Maglen,"K Maglen - The English System, 2016 - manchesterhive.com",The English System,1892,"100 The English System began its march westward. 2 The first was the outskirts of Paris, where the disease was identified in late March. It was believed to have been a recrudescence …",https://www.manchesterhive.com/abstract/9781526111999/9781526111999.00008.xml,Google Scholar,,,
68,2016.0,"Chen…, J.","JH Lin, J Fang, D Wang, HZ Chen…","JH Lin, J Fang, D Wang, HZ Chen… - Journal of Digestive …, 2016 - search.ebscohost.com",Journal Of Digestive …,"Chinese Expert Consensus On The Endoscopic Management Of Foreign Bodies In The Upper Gastrointestinal Tract (2015, Shanghai, China).",The article focuses on a study regarding management of foreign bodies present in the upper gastrointestinal tract (UGIT). Topics discussed include significant number of cases of …,https://search.ebscohost.com/login.aspx?direct=true&profile=ehost&scope=site&authtype=crawler&jrnl=17512972&asa=n&an=114712546&h=vdcuedqueruxyux9lwnsc1zqaxu8ejif2x45tbqzpvlmaywdep4m%2bbzdhteg7lgu4%2fvtf5u8miicx276n7ylzq%3d%3d&crl=c,Google Scholar,,,
69,2017.0,"Saleem, N.","NH Senussi, N Saleem","NH Senussi, N Saleem - Baylor University Medical Center …, 2017 - Taylor & Francis",Baylor University Medical Center …,Ingestion Of Computer Circuit Boards Causing Esophageal Impaction And Small Bowel Obstruction,"Foreign body ingestion is common in patients with psychiatric diagnoses. Ingested objects can become impacted in the upper and lower gastrointestinal tract, causing serious …",https://www.tandfonline.com/doi/abs/10.1080/08998280.2017.11929541,Google Scholar,,,
70,2017.0,"Gurgel…, V.","VS Mannarino, DCS Pereira, WS Gurgel…","VS Mannarino, DCS Pereira, WS Gurgel… - Journal of forensic …, 2017 - Wiley Online Library",Journal Of Forensic …,Self‐Embedding Behavior In Adults: A Report Of Two Cases And A Systematic Review,"Self‐embedding behavior (SEB) is the repeated insertion of sharp objects, such as needles or pins, into the soft tissues of abdomen, limbs, and other body parts. In this study, two cases …",https://onlinelibrary.wiley.com/doi/abs/10.1111/1556-4029.13359,Google Scholar,,,
71,2017.0,"Kennedy…, G.","GJ Housler, S Cross, V Marcel, DO Kennedy…","GJ Housler, S Cross, V Marcel, DO Kennedy… - J Spec Oper Med, 2017",J Spec Oper Med,A Prospective Randomized Controlled Two-Arm Clinical Study Evaluating The Efficacy Of A Bioelectric Dressing System For Blister Management In Us Army …,,,Google Scholar,,,
72,2017.0,"Höllwarth, M.",ME Höllwarth,"ME Höllwarth - Newborn Surgery, 2017 - taylorfrancis.com",Newborn Surgery,Gastroesophageal Reflux In The Neonate And Small Infant,"Gastroesophageal reflux (GER) is a term that describes the backflow of gastric content into the esophagus, sometimes reaching even the mouth. It is a common phenomenon and …",https://www.taylorfrancis.com/chapters/edit/10.4324/9781315113968-50/gastroesophageal-reflux-neonate-small-infant-michael-h%c3%b6llwarth,Google Scholar,,,
73,2017.0,"Vogel, H.",H Vogel,"H Vogel - Monitoring Detention, Custody, Torture and Ill …, 2017 - taylorfrancis.com",Monitoring Detention,Radiology In The Documentation Of Torture And Ill-Treatment,"Radiology has an important and specific role to play in the documentation of physical injuries that may be caused by torture, ill-treatment, and other violence during arrest and while in …",https://www.taylorfrancis.com/chapters/edit/10.1201/9781315211459-7/radiology-documentation-torture-ill-treatment-vogel,Google Scholar,,,
74,2018.0,"Fara, A.","AM Omar, AA Ali Fara","AM Omar, AA Ali Fara - Arch Dairy Res Technol: ADRT-106. DOI, 2018 - academia.edu",Arch Dairy Res Technol: Adrt-106. Doi,"Ingestion Foreign Bodies In Rumen And Reticulum Of Shoats In Hargeisa, Somalia: Preva-Lence And The Associated Risk Factors",Shoats are primarily the domestic animals of Somali pastoral communities that ensure food security and economic growth of the country but recent years were decreased due to the …,https://www.academia.edu/download/57733247/ingestion_foreign_bodies_in_rumen_and_reticulum_of_shoats_in_hargeisa_.pdf,Google Scholar,,,
75,2019.0,"Abbas, K.",K Abbas,"K Abbas - EC Paediatrics, 2019 - researchgate.net",Ec Paediatrics,Is Button Battery More Dangerous Than A Bullet?,Objective: Button battery in digestive tract has unpredictable outcome ranging from harmless to death around the globe. Despite public awareness campaigns its incidence is increasing …,https://www.researchgate.net/profile/ali-chaudhry-10/publication/364959034_ec_paediatrics_research_article_is_button_battery_more_dangerous_than_a_bullet/links/6361183d6e0d367d91e7b5df/ec-paediatrics-research-article-is-button-battery-more-dangerous-than-a-bullet.pdf,Google Scholar,,,
76,2019.0,"Koçak…, S.","S Sarı, H Bektaş, K Ulusan, B Koçak…","S Sarı, H Bektaş, K Ulusan, B Koçak… - Turkish Journal of …, 2019 - jag.journalagent.com",Turkish Journal Of …,A 4-Year Single-Center Experience In The Management Of Esophageal Perforation.,BACKGROUND: Esophageal perforation (EP) is a lethal surgical emergency that needs to be diagnosed and treated immediately. Diagnosis and treatment options for EP are limited …,https://jag.journalagent.com/z4/download_fulltext.asp?pdir=travma&plng=tur&un=utd-79484,Google Scholar,,,
77,2019.0,"Sandison…, E.","EB Chevretton, I Pai, S Haikel, A Sandison…","EB Chevretton, I Pai, S Haikel, A Sandison… - The Journal of …, 2019 - cambridge.org",The Journal Of …,"Proceedings Of The 153Rd Semon Club, 13 November 2017, Ent Department, Guy'S And St Thomas' Nhs Foundation Trust, London, Uk","Discussion At the 153rd Semon Club, the panel were surprised by the lack of nasal crusting in this patient. As the findings were negative for cytoplasmic ANCA, Mr Shahzada Ahmed …",https://www.cambridge.org/core/journals/journal-of-laryngology-and-otology/article/proceedings-of-the-153rd-semon-club-13-november-2017-ent-department-guys-and-st-thomas-nhs-foundation-trust-london-uk/315456b9a7cff613482dc5d3e0e7a5f3,Google Scholar,,,
78,2020.0,"Chandrakantan…, O.","OA Olutoye, A Chandrakantan…","OA Olutoye, A Chandrakantan… - Gregory's Pediatric …, 2020 - Wiley Online Library",Gregory'S Pediatric …,Otolaryngological And Dental Surgery,This chapter discusses the perioperative anesthetic considerations and management of the most common conditions requiring surgical intervention in the head and neck region. Many …,https://onlinelibrary.wiley.com/doi/abs/10.1002/9781119371533.ch34,Google Scholar,,,
79,2020.0,"Hanif, U.","U Khan, S Hanif","U Khan, S Hanif - Pakistan Journal of Surgery, 2020 - search.ebscohost.com",Pakistan Journal Of Surgery,Accidental Ingestion Of Tooth Pick Leading To Bowel Perforation-A Case Report.,"Bowel perforation is a surgical emergency. There are many causes of bowel perforation commonest being infection, infarction, radiation enteritis, crohn's disease and carcinomas. …",https://search.ebscohost.com/login.aspx?direct=true&profile=ehost&scope=site&authtype=crawler&jrnl=02588552&an=149490166&h=uaoofi%2f7wy%2bfeynevet91ejrvw4wkxr0yoqkunoel6p%2bud5yo1ia6phhquiqg%2brklrnmfso%2frgdw%2bziq0u%2flaq%3d%3d&crl=c,Google Scholar,,,
80,2020.0,"Allepuz…, A.","A Lacombe, E Pintado, AO Byrne, A Allepuz…","A Lacombe, E Pintado, AO Byrne, A Allepuz… - Diseases of aquatic …, 2020 - int-res.com",Diseases Of Aquatic …,Ingestion Of Foreign Materials By Odontocetes Along The Catalan Coast: Causes And Consequences,"Ingestion of abnormal materials by cetaceans has been reported worldwide, but few studies have investigated the causes of foreign material ingestion. We retrospectively analysed …",https://www.int-res.com/abstracts/dao/v142/p23-31/,Google Scholar,,,
81,2021.0,"Gomez‐Esquivel, R.",RD Gomez‐Esquivel,"RD Gomez‐Esquivel - The Esophagus, 2021 - Wiley Online Library",The Esophagus,Foreign Bodies,Foreign body ingestion is a frequent occurrence. The use of two X‐ray views will help localize the foreign body to the esophagus. Food boluses represent the most common type of …,https://onlinelibrary.wiley.com/doi/abs/10.1002/9781119599692.ch41,Google Scholar,,,
82,2021.0,"Gershman…, R.","R Furlano, G Gershman…","R Furlano, G Gershman… - Practical Pediatric …, 2021 - Wiley Online Library",Practical Pediatric …,Foreign Body Ingestion,Endoscopy is a common and useful means of accessing the upper gastrointestinal tract for the purpose of retrieving ingested foreign bodies in children. The majority of foreign body …,https://onlinelibrary.wiley.com/doi/abs/10.1002/9781119423492.ch29,Google Scholar,,,
83,2022.0,"Olaoye…, P.","PO Adeoye, OA Afolabi, HK Omokanye, I Olaoye…","PO Adeoye, OA Afolabi, HK Omokanye, I Olaoye… - African Health …, 2022 - ajol.info",African Health …,Foreign Bodies In The Aerodigestive Tract: Time For Comprehensive Preventive Measures,Background: Foreign body (FB) in the aerodigestive tract presents more commonly in children and remains a surgical emergency with potential for fatal complications. Objectives: To …,https://www.ajol.info/index.php/ahs/article/view/228987,Google Scholar,,,
84,2022.0,"Colby, A.","AV Farooq, KA Colby","AV Farooq, KA Colby - Albert and Jakobiec's Principles and Practice of …, 2022 - Springer",Albert And Jakobiec'S Principles And Practice Of …,Emergency And Initial Management Of Anterior Segment And Adnexal Trauma,This chapter provides an overview of the emergency and initial management of anterior segment and adnexal trauma. This includes guidance for initial evaluation and triage by …,https://link.springer.com/content/pdf/10.1007/978-3-030-42634-7_321.pdf,Google Scholar,,,
85,2022.0,"Rf, B.","B DD, P RF","B DD, P RF - New Armenian Medical Journal, 2022 - search.ebscohost.com",New Armenian Medical Journal,Case Report Of Fatal Deep Neck Abscess: A Complication Of Aerodigestive Foreign Bodies.,"Background: Ingestion of a foreign body is a typical emergency in the field of health services otorhinolaryngology head and neck surgery. Pharyngooesophageal perforation, aorto-…",https://search.ebscohost.com/login.aspx?direct=true&profile=ehost&scope=site&authtype=crawler&jrnl=18290825&an=160449218&h=p5sz0jk2%2f7%2f0gbi3sj9agudq5snk0xib%2f%2bnji2l2a6im4xqsn%2fddz76rloehnzs59jxgeq5q%2bmfnb%2bplsq7jhw%3d%3d&crl=c,Google Scholar,,,
86,2022.0,"Calabrese, D.","D BRISSETTE, RO CALABRESE","D BRISSETTE, RO CALABRESE - Clinical Medicine for …, 2022 - books.google.com",Clinical Medicine For …,Throat Disorders,"Otolaryngology disorders are very common in primary care, accounting for 20% to 50% of presenting complaints to a primary care clinician. Management of common conditions of the …",https://books.google.com/books?hl=en&lr=&id=gmw6eaaaqbaj&oi=fnd&pg=pa83&dq=%0a++++++++++++(%22foreign+obj*%22+or+%22foreign+bod*%22)%0a++++++++++++and%0a++++++++++++(%22intent*%22+or+%22deliberate*%22+or+%22purpose*%22+or+%22self-injur*%22+or+%22selfharm*%22+or+%22self-harm*%22)%0a++++++++++++and%0a++++++++++++(%22ingest*%22+or+%22swallow*%22)%0a++++++++++++&ots=y6rs9gosim&sig=now4xehti5ljqcj-jm_yycrmyrm,Google Scholar,,,
87,2022.0,"Figueiredo, J.",JP Figueiredo,"JP Figueiredo - Canine and Feline Anesthesia and Co‐Existing …, 2022 - Wiley Online Library",Canine And Feline Anesthesia And Co‐Existing …,Gastrointestinal Disease,"The digestive system provides the body with a continual supply of water, electrolytes, and nutrients. Food must be appropriately taken, ingested, and moved through the gastrointestinal (…",https://onlinelibrary.wiley.com/doi/abs/10.1002/9781119604075.ch5,Google Scholar,,,
88,2023.0,"Karahan…, Ö.","Ö Güneş, A Atay, F Karahan…","Ö Güneş, A Atay, F Karahan… - Laparoscopic …, 2023 - search.ebscohost.com",Laparoscopic …,Gastrointestinal System Foreign Bodies.,"Introduction: While foreign bodies in the gastrointestinal tract are observed more frequently and accidentally in the childhood age group, they may occur to attract attention, sexual …",https://search.ebscohost.com/login.aspx?direct=true&profile=ehost&scope=site&authtype=crawler&jrnl=25870610&an=163485270&h=xwztr2npovqx%2fajc2yst7vprt16rjiaczsavkmwpcpiz24fewx8fkditmdbmfykqjbmzzm14xam%2boaxwgvx%2fqw%3d%3d&crl=c,Google Scholar,,,
89,2023.0,"Kunčius, H.",H KUNČIUS,"H KUNČIUS - Lituanus, 2023 - search.ebscohost.com",Lituanus,The Collective Farm Is Getting On Its Feet.,"The Collective Farm is Getting on Its Feet"" explores the aftermath of Stalin's death on a collective farm in Lithuania. The article highlights the mourning and despair felt by the Soviet …",https://search.ebscohost.com/login.aspx?direct=true&profile=ehost&scope=site&authtype=crawler&jrnl=00245089&asa=n&an=174259308&h=%2bhum5%2f0q4wdjk0%2bnvmx7xsc%2fowluxeycxtqwx54bjow9l1flhkju9xnzk5940y7rhtdto4jb93pfhhgavwzrha%3d%3d&crl=c,Google Scholar,,,
90,2024.0,"Buils, F.",FJ Buils,"FJ Buils - A Case Report. Clin Surg, 2024 - clinicofsurgery.org",A Case Report. Clin Surg,Repeated Behavior Of Deliberate Foreign Body Ingestion In A Patient With Psychiatric Disorder,"1. Abstract Foreign body ingestion [FBI] is rare in adults as compared with children [1]. Foreign body ingestion is accidental in 95 percent of cases and is usually related to food [fish, …",https://clinicofsurgery.org/wp-content/uploads/2024/08/cos-v10-1793.pdf,Google Scholar,,,
91,,"Bağ, Ö.","Ö Güneş, YM Bağ","Ö Güneş, YM Bağ - Age - jag.journalagent.com",,Less,"Introduction: While foreign bodies in the gastrointestinal tract are observed more frequently and accidentally in the childhood age group, they may occur to attract attention, sexual …",https://jag.journalagent.com/z4/download_fulltext.asp?pdir=less&plng=eng&un=less-45403,Google Scholar,,,
92,,"Cappello, M.",M Cappello,M Cappello - 2011 - books.google.com,,"Swallow: Foreign Bodies, Their Ingestion, Inspiration, And The Curious Doctor Who Extracted Them",Product Description An American half-dollar. A beaded crucifix. Tooth roots shaped like a tiny pair of pants. A padlock. Scads of peanut kernels and scores of safety pins. A metallic letter …,https://books.google.com/books?hl=en&lr=&id=zjc4-0awa9yc&oi=fnd&pg=pr9&dq=%0a++++++++++++(%22foreign+obj*%22+or+%22foreign+bod*%22)%0a++++++++++++and%0a++++++++++++(%22intent*%22+or+%22deliberate*%22+or+%22purpose*%22+or+%22self-injur*%22+or+%22selfharm*%22+or+%22self-harm*%22)%0a++++++++++++and%0a++++++++++++(%22ingest*%22+or+%22swallow*%22)%0a++++++++++++&ots=hdvtfcwngm&sig=ipbywxablxrntjhd0y55wdplm1i,Google Scholar,,,
93,,"Ningi, S.","S Aliyu, AB Ningi","S Aliyu, AB Ningi - IJCMCR. 2022; 23 (2) - ijclinmedcasereports.com",,Trans-Vesical Migration Of A Swallowed Needle With Intra-Urethral Impaction In A 12-Year-Old Boy,"Foreign body, of whatever type, when ingested, either accidentally or intentionally, elicits strong reaction from care-givers, especially; if the victim is a child. Infants and children are the …",https://ijclinmedcasereports.com/pdf/ijcmcr-cr-00558.pdf,Google Scholar,,,
94,,"Temel…, H.","HY Teke, M Can, T Renklidağ, N Temel…","HY Teke, M Can, T Renklidağ, N Temel… - p-ISSN 1300-865X e … - pdfs.semanticscholar.org",,Baby Death Due To Esophagotracheal Fistula Created By An Alkaline Battery: A,There is a limited number of case presentations in literature related to esophagus burns and complications as a result of swallowing an alkaline battery. The main purpose of this case …,https://pdfs.semanticscholar.org/f469/fae31b6e729ea75d77e70608d5fd57e2a5b6.pdf,Google Scholar,,,
95,,"Hagos, M.",MD Mekonnen Hagos,MD Mekonnen Hagos - gestion,,"Foreign Bodies In The Ear, Nose And Esophogus In Pediatric Age Group, At Mekelle Hospital Ethiopia.",,,Google Scholar,,,
96,,"Rodrigues…, P.","P Magalhães-Costa, L Carvalho, JP Rodrigues…","P Magalhães-Costa, L Carvalho, JP Rodrigues… - 2015 - cyberleninka.org",,Endoscopic Management Of Foreign Bodies In The Upper Gastrointestinal Tract: An Evidence-Based,Gastrointestinal foreign bodies (FB) are comprised of food bolus impaction and intentionally or unintentionally ingested or inserted true FB. Food bolus impaction and true FB ingestion …,https://cyberleninka.org/article/n/1318165.pdf,Google Scholar,,,
97,,"Steinhart, S.","SPL TRAVIS, T AHMAD, J COLLIER, AH STEINHART","SPL TRAVIS, T AHMAD, J COLLIER, AH STEINHART - Wiley Online Library",,Pocket Consultant,The term ‘irritable bowel syndrome’(IBS) is used to describe a collection of abdominal symptoms for which no organic cause can be found. This does not mean that the symptoms are all …,https://onlinelibrary.wiley.com/doi/abs/10.1002/9780470994764,Google Scholar,,,
98,,"Zhang, K.",K Zhang,K Zhang - J Gstro Hepato - jajgastrohepto.org,,Endoscopic Management Of Esophageal Foreign Bodies: A Retrospective Study In China,"1. Abstract Esophageal Foreign Bodies (FBs) are the common clinical emergency, accounting for 4% of emergency endoscopic diagnosis and therapeutic approach. Approaches to …",https://jajgastrohepto.org/wp-content/uploads/2022/07/jjgh-v8-1754.pdf,Google Scholar,,,
99,,"Brenner, R.","RR Simon, BE Brenner","RR Simon, BE Brenner - 2002 - books.google.com",,Emergency Procedures And Techniques,"This thoroughly updated Fourth Edition is a must for residents and practitioners who need a practical, clear, and readable guide to emergency medicine procedures. The book provides …",https://books.google.com/books?hl=en&lr=&id=dukqosa77-8c&oi=fnd&pg=pr19&dq=++++++++++++(%22foreign+obj*%22+or+%22foreign+bod*%22)++++++++++++and++++++++++++(%22intent*%22+or+%22deliberate*%22+or+%22purpose*%22+or+%22self-injur*%22+or+%22selfharm*%22+or+%22self-harm*%22)++++++++++++and++++++++++++(%22ingest*%22+or+%22swallow*%22)++++++++++++&ots=tjnhsy_w1v&sig=zdghjganmy7lstjipxg7tsoce0k,Google Scholar,,,
100,,"Listed, N.",No Author Listed,A Yee,,K9 Tactical Emergency Casualty Care,,,Google Scholar,,,
101,,"Kingrey, B.",B Kingrey,B Kingrey - 1954,,Experimental Bovine Traumatic Gastritis.,,,Google Scholar,,,
102,,"Rossi, J.",J Rossi,J Rossi - 2012 - books.google.com,,What'S Wrong With My Cat Or Kitten?,Page 1 REVISED EDITION What's Wrong with My Cat or Kitten? A HOME MEDICAL REFERENCE MANUAL • Behavioral Changes First Aid for Miscellaneous Problems Fleas & Ticks. …,https://books.google.com/books?hl=en&lr=&id=eu4jrw9ha8qc&oi=fnd&pg=pr4&dq=%0a++++++++++++(%22foreign+obj*%22+or+%22foreign+bod*%22)%0a++++++++++++and%0a++++++++++++(%22intent*%22+or+%22deliberate*%22+or+%22purpose*%22+or+%22self-injur*%22+or+%22selfharm*%22+or+%22self-harm*%22)%0a++++++++++++and%0a++++++++++++(%22ingest*%22+or+%22swallow*%22)%0a++++++++++++&ots=9j4vkpvcwg&sig=_g1lq-5cbxgturynmd7owh2ol-k,Google Scholar,,,
103,,"Steinhart, S.","SPL Travis, T Ahmad, J Collier, AH Steinhart","SPL Travis, T Ahmad, J Collier, AH Steinhart - 2008 - books.google.com",,Pocket Consultant: Gastroenterology,"There have been significant developments in the fields of gastroenterology and hepatology since the previous edition and this new edition has been entirely revised, updated and …",https://books.google.com/books?hl=en&lr=&id=tt2a8vrgrbwc&oi=fnd&pg=pr5&dq=%0a++++++++++++(%22foreign+obj*%22+or+%22foreign+bod*%22)%0a++++++++++++and%0a++++++++++++(%22intent*%22+or+%22deliberate*%22+or+%22purpose*%22+or+%22self-injur*%22+or+%22selfharm*%22+or+%22self-harm*%22)%0a++++++++++++and%0a++++++++++++(%22ingest*%22+or+%22swallow*%22)%0a++++++++++++&ots=qfgxabsnui&sig=y2jracnkgw-q09zukzkuisfvkng,Google Scholar,,,
104,,"Kerley, C.",CG Kerley,CG Kerley - 1915 - books.google.com,,What Every Mother Should Know About Her Infants And Young Children,"This pamphlet was prepared at the suggestion of a child's welfare organization. Its purpose is to place in the hands of the mother of moderate means, concise, readily understood and …",https://books.google.com/books?hl=en&lr=&id=b5i-aaaaiaaj&oi=fnd&pg=pa9&dq=%0a++++++++++++(%22foreign+obj*%22+or+%22foreign+bod*%22)%0a++++++++++++and%0a++++++++++++(%22intent*%22+or+%22deliberate*%22+or+%22purpose*%22+or+%22self-injur*%22+or+%22selfharm*%22+or+%22self-harm*%22)%0a++++++++++++and%0a++++++++++++(%22ingest*%22+or+%22swallow*%22)%0a++++++++++++&ots=_ftnynyytm&sig=bmps67wobhmei-yrfjibqa2xjrk,Google Scholar,,,
105,,"Peek, T.","TJ Divers, SF Peek","TJ Divers, SF Peek - 2007 - books.google.com",,Rebhun'S Diseases Of Dairy Cattle,"REBHUN'S DISEASES OF DAIRY CATTLE, 2nd Edition is your all-in-one guide to bovine disease management. With thorough, up-to-date coverage of differential diagnosis methods, …",https://books.google.com/books?hl=en&lr=&id=pbewjretecic&oi=fnd&pg=pa3&dq=%0a++++++++++++(%22foreign+obj*%22+or+%22foreign+bod*%22)%0a++++++++++++and%0a++++++++++++(%22intent*%22+or+%22deliberate*%22+or+%22purpose*%22+or+%22self-injur*%22+or+%22selfharm*%22+or+%22self-harm*%22)%0a++++++++++++and%0a++++++++++++(%22ingest*%22+or+%22swallow*%22)%0a++++++++++++&ots=etlzmx28en&sig=hx1_6p3lds0lrsar3d1yrzayc-e,Google Scholar,,,
106,,"Montanari, A.","AM Gatti, S Montanari","AM Gatti, S Montanari - 2015 - books.google.com",,Case Studies In Nanotoxicology And Particle Toxicology,Case Studies in Nanotoxicology and Particle Toxicology presents a highly-illustrated analysis of the most prominent cases on the adverse effects of nanoparticles and their impact on …,https://books.google.com/books?hl=en&lr=&id=q-icbaaaqbaj&oi=fnd&pg=pp1&dq=%0a++++++++++++(%22foreign+obj*%22+or+%22foreign+bod*%22)%0a++++++++++++and%0a++++++++++++(%22intent*%22+or+%22deliberate*%22+or+%22purpose*%22+or+%22self-injur*%22+or+%22selfharm*%22+or+%22self-harm*%22)%0a++++++++++++and%0a++++++++++++(%22ingest*%22+or+%22swallow*%22)%0a++++++++++++&ots=mw1gsa_15m&sig=jouut7yl1qdyx3fhy5lzcuxisls,Google Scholar,,,
107,,"Swiderski, R.",RM Swiderski,RM Swiderski - 2014 - books.google.com,,"Quicksilver: A History Of The Use, Lore And Effects Of Mercury","Though modern scientists recognize mercury as a harmful environmental pollutant and one of the world's most dangerous elemental toxins, mercury was once considered a wondrous …",https://books.google.com/books?hl=en&lr=&id=nckxswulx-ac&oi=fnd&pg=pp1&dq=%0a++++++++++++(%22foreign+obj*%22+or+%22foreign+bod*%22)%0a++++++++++++and%0a++++++++++++(%22intent*%22+or+%22deliberate*%22+or+%22purpose*%22+or+%22self-injur*%22+or+%22selfharm*%22+or+%22self-harm*%22)%0a++++++++++++and%0a++++++++++++(%22ingest*%22+or+%22swallow*%22)%0a++++++++++++&ots=app47rnli4&sig=mg6ghqsnpuz1icivwlqt8lcyyse,Google Scholar,,,
108,,"Jackson, C.",C Jackson,C Jackson - 1915 - books.google.com,,Peroral Endoscopy And Laryngeal Surgery,A number of repetitions of fundamental facts have been necessary in order to facilitate ready reference in the limited time available for the busy surgeon without perusing the entire book…,https://books.google.com/books?hl=en&lr=&id=eva0aqaamaaj&oi=fnd&pg=pa11&dq=%0a++++++++++++(%22foreign+obj*%22+or+%22foreign+bod*%22)%0a++++++++++++and%0a++++++++++++(%22intent*%22+or+%22deliberate*%22+or+%22purpose*%22+or+%22self-injur*%22+or+%22selfharm*%22+or+%22self-harm*%22)%0a++++++++++++and%0a++++++++++++(%22ingest*%22+or+%22swallow*%22)%0a++++++++++++&ots=ikdfl_0deu&sig=twyz0nmn8gbtnqhepoehopkkjfw,Google Scholar,,,
109,,"Lundvall, R.",R Lundvall,R Lundvall - 1956,,Prevention Of Traumatic Gastritis By The Use Of Permanent Bar Magnets In The Reticulum.,,,Google Scholar,,,
110,,"Divers, T.","TS Mair, TJ Divers","TS Mair, TJ Divers - 2015 - books.google.com",,Equine Internal Medicine: Self-Assessment Color Review Second Edition,"Written by well-respected experts in the field, this new edition of a bestseller has been completely updated and includes all new cases. The cases appear in random order, just as they …",https://books.google.com/books?hl=en&lr=&id=s-j5cqaaqbaj&oi=fnd&pg=pp1&dq=%0a++++++++++++(%22foreign+obj*%22+or+%22foreign+bod*%22)%0a++++++++++++and%0a++++++++++++(%22intent*%22+or+%22deliberate*%22+or+%22purpose*%22+or+%22self-injur*%22+or+%22selfharm*%22+or+%22self-harm*%22)%0a++++++++++++and%0a++++++++++++(%22ingest*%22+or+%22swallow*%22)%0a++++++++++++&ots=pdr0blccjf&sig=xx3tkzbmzoi3cfsnhaeknb7daoa,Google Scholar,,,
111,,"Amador, E.","EA Arias, N Amador","EA Arias, N Amador - 2008 - books.google.com",,Nms Review For The Usmle Clinical Skills Exam,This fully revised Second Edition offers a complete review for the USMLE Step 2 Clinical Skills (CS) exam. It covers all diseases encountered on the exam and prepares students to …,https://books.google.com/books?hl=en&lr=&id=bxixoy1e3eqc&oi=fnd&pg=pp17&dq=%0a++++++++++++(%22foreign+obj*%22+or+%22foreign+bod*%22)%0a++++++++++++and%0a++++++++++++(%22intent*%22+or+%22deliberate*%22+or+%22purpose*%22+or+%22self-injur*%22+or+%22selfharm*%22+or+%22self-harm*%22)%0a++++++++++++and%0a++++++++++++(%22ingest*%22+or+%22swallow*%22)%0a++++++++++++&ots=9imz1msggh&sig=cwcgo0w4aplr01lwg28tbdxigtk,Google Scholar,,,
112,,"Association, B.",British Medical Association,British Medical Association - 2002 - Dorling Kindersley Ltd,,"Bma Illustrated Medical Dictionary: Essential A? Z Quick Reference To Over 5,000 Medical Terms",,,Google Scholar,,,
113,,"Francardo, S.",SM Francardo,SM Francardo - 2017 - books.google.com,,Anthroposophic Medicine For All The Family: Recognizing And Treating The Most Common Disorders,"This invaluable book not only provides practical suggestions and advice regarding common medical issues and ailments, but also presents the fundamental principles of …",https://books.google.com/books?hl=en&lr=&id=psaodgaaqbaj&oi=fnd&pg=pa7&dq=%0a++++++++++++(%22foreign+obj*%22+or+%22foreign+bod*%22)%0a++++++++++++and%0a++++++++++++(%22intent*%22+or+%22deliberate*%22+or+%22purpose*%22+or+%22self-injur*%22+or+%22selfharm*%22+or+%22self-harm*%22)%0a++++++++++++and%0a++++++++++++(%22ingest*%22+or+%22swallow*%22)%0a++++++++++++&ots=n7araqyxz7&sig=vtylg59sey4aqtkytdweqcygwsc,Google Scholar,,,
114,,"Lundberg, P.","PB Fontanarosa, GD Lundberg","PB Fontanarosa, GD Lundberg - academia.edu",,There Cannot Be Two Kinds Of Medicine—Conventional And Alternative. There Is Only Medicine That Has Been Adequately Tested And Medicine That Has Not …,"Now that I have spent 25 years teaching veterinary ethics and working closely with veterinarians in virtually every area of veterinary medicine, it seems appropriate to make some …",https://www.academia.edu/download/52883075/_5bdavid_w._ramey__bernard_e._rollin_5d_complementary_bookzz.org.pdf,Google Scholar,,,
115,,"Attewell, N.",N Attewell,N Attewell - 2014 - books.google.com,,"Better Britons: Reproduction, Nation, And The Afterlife Of Empire","In 1932, Aldous Huxley published Brave New World, his famous novel about a future in which humans are produced to spec in laboratories. Around the same time, Australian legislators …",https://books.google.com/books?hl=en&lr=&id=azxjagaaqbaj&oi=fnd&pg=pp1&dq=%0a++++++++++++(%22foreign+obj*%22+or+%22foreign+bod*%22)%0a++++++++++++and%0a++++++++++++(%22intent*%22+or+%22deliberate*%22+or+%22purpose*%22+or+%22self-injur*%22+or+%22selfharm*%22+or+%22self-harm*%22)%0a++++++++++++and%0a++++++++++++(%22ingest*%22+or+%22swallow*%22)%0a++++++++++++&ots=pqrd_-eihe&sig=ajyg-n9cmjjemf09phbr_aj7roc,Google Scholar,,,
116,,"Howe, A.",AJ Howe,AJ Howe - 1883 - books.google.com,,A Practical And Systematic Treatise On Fractures And Dislocations,"37. Fracture of the shaft of the humerus...... PAGE. 123 124 38. Dressing for fracture of the shaft of the humerus............. 39. Diastasis, or separation of the lower epiphysis of the humerus..…",https://books.google.com/books?hl=en&lr=&id=ytbwai27-emc&oi=fnd&pg=pr9&dq=%0a++++++++++++(%22foreign+obj*%22+or+%22foreign+bod*%22)%0a++++++++++++and%0a++++++++++++(%22intent*%22+or+%22deliberate*%22+or+%22purpose*%22+or+%22self-injur*%22+or+%22selfharm*%22+or+%22self-harm*%22)%0a++++++++++++and%0a++++++++++++(%22ingest*%22+or+%22swallow*%22)%0a++++++++++++&ots=ewjrs0kkno&sig=lisvjjsn4ecyowqeux9qc7q-3ei,Google Scholar,,,
117,,"Roger, H.",H Roger,H Roger - 1901 - books.google.com,,Introduction To The Study Of Medicine,"THE rapid and marvellous developments recently made along the lines of medical sciences have rendered the task of both teacher and student increasingly difficult. It is not strange, …",https://books.google.com/books?hl=en&lr=&id=x78raaaayaaj&oi=fnd&pg=pa1&dq=%0a++++++++++++(%22foreign+obj*%22+or+%22foreign+bod*%22)%0a++++++++++++and%0a++++++++++++(%22intent*%22+or+%22deliberate*%22+or+%22purpose*%22+or+%22self-injur*%22+or+%22selfharm*%22+or+%22self-harm*%22)%0a++++++++++++and%0a++++++++++++(%22ingest*%22+or+%22swallow*%22)%0a++++++++++++&ots=gzx8rpfzij&sig=lhuzap7rspcwmpdjijtg6d8dgiy,Google Scholar,,,
118,,"Lang, H.",H Lang,H Lang - 2023 - books.google.com,,Out-Of Hospital Ventilation: An Interdisciplinary Perspective On Landscape And Health,"Safe handling of patient and device in home ventilation! This book offers all relevant contents of the further training"" Basic qualification extra-clinical artificial respiration"" and addresses …",https://books.google.com/books?hl=en&lr=&id=5cnbeaaaqbaj&oi=fnd&pg=pr5&dq=%0a++++++++++++(%22foreign+obj*%22+or+%22foreign+bod*%22)%0a++++++++++++and%0a++++++++++++(%22intent*%22+or+%22deliberate*%22+or+%22purpose*%22+or+%22self-injur*%22+or+%22selfharm*%22+or+%22self-harm*%22)%0a++++++++++++and%0a++++++++++++(%22ingest*%22+or+%22swallow*%22)%0a++++++++++++&ots=j6di28ylvj&sig=yeasdjcxqyoirebltsaai8jgs8a,Google Scholar,,,
119,,"Saupe, H.",H Saupe,H Saupe - 2022 - books.google.com,,Holistic Cancer Medicine: Integrative Strategies For A New Approach To Health And Healing,"A groundbreaking, comprehensive guide on managing, treating, and preventing cancer.* Introducing: The Holistic Model of the Twelve Vital Fields* It’sa sad truth of our times that one in …",https://books.google.com/books?hl=en&lr=&id=ax6reaaaqbaj&oi=fnd&pg=pr11&dq=%0a++++++++++++(%22foreign+obj*%22+or+%22foreign+bod*%22)%0a++++++++++++and%0a++++++++++++(%22intent*%22+or+%22deliberate*%22+or+%22purpose*%22+or+%22self-injur*%22+or+%22selfharm*%22+or+%22self-harm*%22)%0a++++++++++++and%0a++++++++++++(%22ingest*%22+or+%22swallow*%22)%0a++++++++++++&ots=pez8wi41-d&sig=torsfylvzf307yflhflgyzg3zbg,Google Scholar,,,
120,,"Patel…, Ã.","ÃQY Liu, R Gugig, DM Troendle, S Bitton, N Patel…","ÃQY Liu, R Gugig, DM Troendle, S Bitton, N Patel… - spgp.pt",,Society Paper,"Introduction: Pediatric chronic pancreatitis is increasingly diagnosed. Endoscopic methods [endoscopic ultrasound (EUS), endoscopic retrograde cholangiopancreatography (ERCP)] …",http://www.spgp.pt/media/1287/e-e-p-pancreatite-cr%c3%b3nica-e-endoscopia-naspghan-2020-jpgn-the_roles_of_endoscopic_ultrasound_and_endoscopic27.pdf,Google Scholar,,,
121,,"Otologists, L.",L OTOLOGISTS,L OTOLOGISTS - 1892 - cambridge.org,,Association Meetings.,"About twenty-five Belgian physicians comprised the meeting, which was presided over by Dr. Schiffers. Among the strangers present were Drs. Gouguenheim (Paris), Noquet (Lille), …",https://www.cambridge.org/core/journals/journal-of-laryngology-and-otology/article/association-meetings/d299ab7dffb53713a05750f7d0cf041a,Google Scholar,,,
122,,"Gunn, C.",C Gunn,C Gunn - 2007 - books.google.com,,Churchill Livingstone Pocket Radiography And Medical Imaging Dictionary E-Book: Churchill Livingstone Pocket Radiography And Medical Imaging …,"This title is directed primarily towards health care professionals outside of the United States. It is a dictionary of terms used in imaging departments covering radiography, radiotherapy, …",https://books.google.com/books?hl=en&lr=&id=hzdqaqaaqbaj&oi=fnd&pg=pp1&dq=%0a++++++++++++(%22foreign+obj*%22+or+%22foreign+bod*%22)%0a++++++++++++and%0a++++++++++++(%22intent*%22+or+%22deliberate*%22+or+%22purpose*%22+or+%22self-injur*%22+or+%22selfharm*%22+or+%22self-harm*%22)%0a++++++++++++and%0a++++++++++++(%22ingest*%22+or+%22swallow*%22)%0a++++++++++++&ots=uk0nbgk8kj&sig=wjchynhyen1io4jkn62-zrd7p0o,Google Scholar,,,
123,,"Hager, T.",T Hager,T Hager - 2007 - books.google.com,,"The Demon Under The Microscope: From Battlefield Hospitals To Nazi Labs, One Doctor'S Heroic Search For The World'S First Miracle Drug","In The Demon Under the Microscope, Thomas Hager chronicles the dramatic history of sulfa, the first antibiotic and the drug that shaped modern medicine. The Nazis discovered it. The …",https://books.google.com/books?hl=en&lr=&id=psb5wa2vl-oc&oi=fnd&pg=pr7&dq=%0a++++++++++++(%22foreign+obj*%22+or+%22foreign+bod*%22)%0a++++++++++++and%0a++++++++++++(%22intent*%22+or+%22deliberate*%22+or+%22purpose*%22+or+%22self-injur*%22+or+%22selfharm*%22+or+%22self-harm*%22)%0a++++++++++++and%0a++++++++++++(%22ingest*%22+or+%22swallow*%22)%0a++++++++++++&ots=htrp4esen7&sig=pbhe_byfqxbilexsk5mkrarerk8,Google Scholar,,,
124,,"Rawles, N.",N Rawles,N Rawles - 2007 - books.google.com,,Crawfish Dreams,For forty years Camille Broussard has cooked for other people. As a young bride she moved from Louisiana to Los Angeles and settled in the thriving community of Watts; but many of …,https://books.google.com/books?hl=en&lr=&id=togca0njd18c&oi=fnd&pg=pa3&dq=%0a++++++++++++(%22foreign+obj*%22+or+%22foreign+bod*%22)%0a++++++++++++and%0a++++++++++++(%22intent*%22+or+%22deliberate*%22+or+%22purpose*%22+or+%22self-injur*%22+or+%22selfharm*%22+or+%22self-harm*%22)%0a++++++++++++and%0a++++++++++++(%22ingest*%22+or+%22swallow*%22)%0a++++++++++++&ots=smjitr8sqa&sig=3geqesszos9m89c-7h5qhybviuo,Google Scholar,,,
125,,"Rollin, D.","DW Ramey, BE Rollin","DW Ramey, BE Rollin - 2008 - books.google.com",,Complementary And Alternative Veterinary Medicine Considered,Complementary and Alternative Veterinary Medicine Considered is a book that belongs in your veterinary library. If you are a veterinarian wondering if you should incorporate …,https://books.google.com/books?hl=en&lr=&id=cf9x9-xfitsc&oi=fnd&pg=pr7&dq=%0a++++++++++++(%22foreign+obj*%22+or+%22foreign+bod*%22)%0a++++++++++++and%0a++++++++++++(%22intent*%22+or+%22deliberate*%22+or+%22purpose*%22+or+%22self-injur*%22+or+%22selfharm*%22+or+%22self-harm*%22)%0a++++++++++++and%0a++++++++++++(%22ingest*%22+or+%22swallow*%22)%0a++++++++++++&ots=9qr8i1dinr&sig=2gy_r6vpzpm1q8qukitngkmjky4,Google Scholar,,,
126,,"Miller, G.",GW Miller,GW Miller - 2000 - books.google.com,,King Of Hearts: The True Story Of The Maverick Who Pioneered Open Heart Surgery,"Few of the great stories of medicine are as palpably dramatic as the invention of open-heart surgery, yet, until now, no journalist has ever brought all of the thrilling specifics of this …",https://books.google.com/books?hl=en&lr=&id=jzv0dwaaqbaj&oi=fnd&pg=pr13&dq=%0a++++++++++++(%22foreign+obj*%22+or+%22foreign+bod*%22)%0a++++++++++++and%0a++++++++++++(%22intent*%22+or+%22deliberate*%22+or+%22purpose*%22+or+%22self-injur*%22+or+%22selfharm*%22+or+%22self-harm*%22)%0a++++++++++++and%0a++++++++++++(%22ingest*%22+or+%22swallow*%22)%0a++++++++++++&ots=hiskz4qyjr&sig=hroqvibbyfvqjzva3rqjahslfj8,Google Scholar,,,
127,,"Wilcock, B.","B Grahn, R Peiffer, B Wilcock","B Grahn, R Peiffer, B Wilcock - 2018 - books.google.com",,Histologic Basis Of Ocular Disease In Animals,"Histologic Basis of Ocular Disease in Animals ist ein umfassendes Referenzwerk zur Pathologie der Augen bei einer ganzen Reihe von Tierarten, ua Haustiere, Fische, Vögel und …",https://books.google.com/books?hl=en&lr=&id=ka1rdwaaqbaj&oi=fnd&pg=pr3&dq=%0a++++++++++++(%22foreign+obj*%22+or+%22foreign+bod*%22)%0a++++++++++++and%0a++++++++++++(%22intent*%22+or+%22deliberate*%22+or+%22purpose*%22+or+%22self-injur*%22+or+%22selfharm*%22+or+%22self-harm*%22)%0a++++++++++++and%0a++++++++++++(%22ingest*%22+or+%22swallow*%22)%0a++++++++++++&ots=bxpoemczij&sig=23vphp0dgesd6s6nkaged3h16gy,Google Scholar,,,
128,,"Ri, Q.",Q RI,Q RI - search.proquest.com,,Impr Ovments And D 1Scov Erie S,"IMPR ovMENTs AND D 1scov ERIE s Page 1 QUARTE RI, Y SU MMARY OF ""THE IMPR ovMENTs AND D 1scov ERIE s IN THE MI EDICAL, SCIENCES . ANATOMY AND …",https://search.proquest.com/openview/eb41c2191c533ca1cb12666be281b98b/1?pq-origsite=gscholar&cbl=41361,Google Scholar,,,
129,,"Illenyi, J.","J Hirschberg, T Szende, P Koltai, A Illenyi","J Hirschberg, T Szende, P Koltai, A Illenyi - 2008 - books.google.com",,"Pediatric Airway: Cry, Stridor And Cough","This multidisciplinary book describes 42 different pathological sounds, occurring in different combinations, in 54 different pathological conditions. Uniquely, while recognizing the …",https://books.google.com/books?hl=en&lr=&id=z1o0bwaaqbaj&oi=fnd&pg=pp6&dq=%0a++++++++++++(%22foreign+obj*%22+or+%22foreign+bod*%22)%0a++++++++++++and%0a++++++++++++(%22intent*%22+or+%22deliberate*%22+or+%22purpose*%22+or+%22self-injur*%22+or+%22selfharm*%22+or+%22self-harm*%22)%0a++++++++++++and%0a++++++++++++(%22ingest*%22+or+%22swallow*%22)%0a++++++++++++&ots=j7tilx0d0p&sig=xlg7v6hbdkxpzfdlblap5y2gjpm,Google Scholar,,,
130,,"Coonar, F.","FC Wells, AS Coonar","FC Wells, AS Coonar - 2018 - books.google.com",,Thoracic Surgical Techniques,This heavily revised second edition of this book provides a comprehensive overview of both common and rarely performed thoracic surgical techniques. Techniques covered include …,https://books.google.com/books?hl=en&lr=&id=nzpsdwaaqbaj&oi=fnd&pg=pr9&dq=%0a++++++++++++(%22foreign+obj*%22+or+%22foreign+bod*%22)%0a++++++++++++and%0a++++++++++++(%22intent*%22+or+%22deliberate*%22+or+%22purpose*%22+or+%22self-injur*%22+or+%22selfharm*%22+or+%22self-harm*%22)%0a++++++++++++and%0a++++++++++++(%22ingest*%22+or+%22swallow*%22)%0a++++++++++++&ots=26cunuub6z&sig=rbvd6grmm2rofcpydtp39j_xa3o,Google Scholar,,,
131,,"Davis, E.",EP Davis,EP Davis - 1917 - books.google.com,,Obstetric And Gynecologic Nursing,"CHAPTER I DEFINITION OF PREGNANCY; THE GROWTH OF THE OVUM... The Fetus, 14-Physiology of Pregnancy, 16-The Placenta, 19-Anatomy of Pregnancy, 20-Medical Care …",https://books.google.com/books?hl=en&lr=&id=5gw1aqaamaaj&oi=fnd&pg=pa11&dq=%0a++++++++++++(%22foreign+obj*%22+or+%22foreign+bod*%22)%0a++++++++++++and%0a++++++++++++(%22intent*%22+or+%22deliberate*%22+or+%22purpose*%22+or+%22self-injur*%22+or+%22selfharm*%22+or+%22self-harm*%22)%0a++++++++++++and%0a++++++++++++(%22ingest*%22+or+%22swallow*%22)%0a++++++++++++&ots=bov5eochpl&sig=zmpt3dqupy8gz8ajcury5canuuq,Google Scholar,,,
132,,"Sekouba, B.",B Sekouba,B Sekouba - 1996 - 34.250.91.188,,Studies On The Cellular And Humoral Immune Responses Of The Tropical Bont Tick Amblyomma Varibgatum And The Brown Ear Tick Rhipicephalus Appendiculatus Against …,"Amblyomma variegatum and Rhipicephalus appendiculatus are pests of domestic and to a certain extend wild animals. While feeding they transmit important diseases, among which …",http://34.250.91.188:8080/xmlui/handle/123456789/209,Google Scholar,,,
133,,"Winter, R.",R Winter,R Winter - 2009 - books.google.com,,A Consumer'S Dictionary Of Cosmetic Ingredients: Complete Information About The Harmful And Desirable Ingredients Found In Cosmetics And Cosmeceuticals,Everything you need to know about the safety and efficacy of cosmetics and cosmeceuticals. Is it a cosmetic? A drug? A nutrient? It’s becoming more and more difficult to tell the …,https://books.google.com/books?hl=en&lr=&id=3hlmyma2-msc&oi=fnd&pg=pa1&dq=%0a++++++++++++(%22foreign+obj*%22+or+%22foreign+bod*%22)%0a++++++++++++and%0a++++++++++++(%22intent*%22+or+%22deliberate*%22+or+%22purpose*%22+or+%22self-injur*%22+or+%22selfharm*%22+or+%22self-harm*%22)%0a++++++++++++and%0a++++++++++++(%22ingest*%22+or+%22swallow*%22)%0a++++++++++++&ots=dbeqr2fuuc&sig=bvef55x68nhjma2ad13ilzdlzgu,Google Scholar,,,
