,Study_ID,Publication Year,Author,Title,Publication Title,Database,Exclude,Reason ID,Paediatric,Intention Reported,Deliberate intention,Unclear,Accessed,Comments
0,492,1941,"Macmanus, Joseph E.",Perforations of the intestine by ingested foreign bodies: Report of two cases and review of the literature,The American Journal of Surgery,Bibliography Search,,,,,,,,
3,495,1969,"Johnson, Wilbur E.",On Ingestion of Razor Blades,JAMA,Bibliography Search,,,,,,,,
4,496,1969,"Schechter, D. C.; Gilbert, L.",Injuries of the heart and great vessels due to pins and needles,Thorax,Bibliography Search,,,,,,,,
5,497,1971,"Balch, Charles M.; Silver, Donald",Foreign Bodies in the Appendix,Archives of Surgery,Bibliography Search,,,,,,,,
6,498,1974,"Witzel, L.; Scheurer, U.; Mühlemann, A.; Halter, F.",Removal of razor blades from stomach with fibreoptic endoscope,British Medical Journal,Bibliography Search,,,,,,,,
7,499,1977,"Devanesan, J.; Pisani, A.; Sharma, P.; Kazarian, K. K.; Mersheimer, W. L.",Metallic foreign bodies in the stomach,"Archives of Surgery (Chicago, Ill.: 1960)",Bibliography Search,,,,,,,,
9,501,1978,"Nandi, P.; Ong, G. B.",Foreign body in the oesophagus: review of 2394 cases,The British Journal of Surgery,Bibliography Search,,,,,,,,
12,504,1982,"James, A. H.; Allen-Mersh, T. G.",Recognition and management of patients who repeatedly swallow foreign bodies,Journal of the Royal Society of Medicine,Bibliography Search,,,,,,,,
13,505,1983,"Ertan, A.; Kedia, S. M.; Agrawal, N. M.; Akdamar, K.",Endoscopic removal of a toothbrush,Gastrointestinal Endoscopy,Bibliography Search,,,,,,,,
14,506,1983,"Fishbain, D. A.; Rotondo, D. J.",Foreign body ingestion associated with delusional beliefs,The Journal of Nervous and Mental Disease,Bibliography Search,,,,,,,,
15,507,1983,"Roark, G D; Subramanyam, K; Patterson, M",Ingested foreign material in mentally disturbed patients,Southern medical journal,Bibliography Search,,,,,,,,
16,508,1983,"Vizcarrondo, F. J.; Brady, P. G.; Nord, H. J.",Foreign bodies of the upper gastrointestinal tract,Gastrointestinal Endoscopy,Bibliography Search,,,,,,,,
17,509,1984,"Gracia, C.; Frey, C. F.; Bodai, B. I.",Diagnosis and management of ingested foreign bodies: a ten-year experience,Annals of Emergency Medicine,Bibliography Search,,,,,,,,
19,511,1984,"Selivanov, V.; Sheldon, G. F.; Cello, J. P.; Crass, R. A.",Management of foreign body ingestion,Annals of Surgery,Bibliography Search,,,,,,,,
20,512,1986,"Adams, D. B.",Endoscopic removal of entrapped coins from an intraluminal duodenal diverticulum 20 years after ingestion,Gastrointestinal Endoscopy,Bibliography Search,,,,,,,,
22,514,1988,"Kirk, A. D.; Bowers, B. A.; Moylan, J. A.; Meyers, W. C.",Toothbrush swallowing,"Archives of Surgery (Chicago, Ill.: 1960)",Bibliography Search,,,,,,,,
23,515,1988,"Paul, R. I.; Jaffe, D. M.",Sharp object ingestions in children: illustrative cases and literature review,Pediatric Emergency Care,Bibliography Search,,,,,,,,
24,516,1988,"Price, J.; Dewar, G.a.; Metreweli, Prof. C.",Airgun Pellet Appendicitis,Australasian Radiology,Bibliography Search,,,,,,,,
25,517,1988,"Webb, W. A.",Management of foreign bodies of the upper gastrointestinal tract,Gastroenterology,Bibliography Search,,,,,,,,
26,518,1990,"Jacob, Bernhard; Huckenbeck, Wolfgang; Barz, Jürgen; Bonte, Wolfgang","Death, After Swallowing and Aspiration of a High Number of Foreign Bodies, in a Schizophrenic Woman:",The American Journal of Forensic Medicine and Pathology,Bibliography Search,,,,,,,,
28,520,1990,"Paulson, E. K.; Jaffe, R. B.",Metallic foreign bodies in the stomach: fluoroscopic removal with a magnetic orogastric tube,Radiology,Bibliography Search,,,,,,,,
30,522,1991,"Barros, J. L.; Caballero, A.; Rueda, J. C.; Monturiol, J. M.",Foreign body ingestion: management of 167 cases,World Journal of Surgery,Bibliography Search,,,,,,,,
31,523,1991,"Karp, J. G.; Whitman, L.; Convit, A.",Intentional ingestion of foreign objects by male prison inmates,Hospital & Community Psychiatry,Bibliography Search,,,,,,,,
32,524,1993,"Lyons, LTC Michael F.; Tsuchida, LTC Amy M.",Foreign bodies of the gastrointestinal tract,Medical Clinics of North America,Bibliography Search,,,,,,,,
33,525,1995,"Panieri, E.; Bass, D. H.",The management of ingested foreign bodies in children--a review of 663 cases,European Journal of Emergency Medicine: Official Journal of the European Society for Emergency Medicine,Bibliography Search,,,,,,,,
34,526,1995,"Webb, W. A.",Management of foreign bodies of the upper gastrointestinal tract: update,Gastrointestinal Endoscopy,Bibliography Search,,,,,,,,
35,527,1995,"Zeitlin, S. B.; Polivy, J.",Coprophagia as a manifestation of obsessive-compulsive disorder: a case report,Journal of Behavior Therapy and Experimental Psychiatry,Bibliography Search,,,,,,,,
38,530,1996,"Velitchkov, Nadko G.; Grigorov, Georgi I.; Losanoff, Julian E.; Kjossev, Kirien T.",Ingested Foreign Bodies of the Gastrointestinal Tract: Retrospective Analysis of 542 Cases,World Journal of Surgery,Bibliography Search,,,,,,,,
40,532,1997,"Tsui, B. C.; Mossey, J.",Occult liver abscess following clinically unsuspected ingestion of foreign bodies,Canadian Journal of Gastroenterology = Journal Canadien De Gastroenterologie,Bibliography Search,,,,,,,,
41,533,1997,"Wishner, J. D.; Rogers, A. M.",Laparoscopic removal of a swallowed toothbrush,Surgical Endoscopy,Bibliography Search,,,,,,,,
42,534,1998,"Al-Qudah, A.; Daradkeh, S.; Abu-Khalaf, M.",Esophageal foreign bodies,European Journal of Cardio-Thoracic Surgery: Official Journal of the European Association for Cardio-Thoracic Surgery,Bibliography Search,,,,,,,,
43,535,1998,"Beecroft, N.; Bach, L.; Tunstall, N.; Howard, R.",An unusual case of pica,International Journal of Geriatric Psychiatry,Bibliography Search,,,,,,,,
44,536,1998,"Blaho, Kari E.; Merigian, Kevin S.; Winbery, Stephen L.; Park, Lynda J.; Cockrell, Mike",Foreign Body Ingestions in the Emergency Department: Case Reports and Review of Treatment,Journal of Emergency Medicine,Bibliography Search,,,,,,,,
45,537,1998,"Goldstein, M.",Adult pica. A clinical nexus of physiology and psychodynamics,Psychosomatics,Bibliography Search,,,,,,,,
47,539,1999,"Hindley, Nick; Gordon, Harvey; Newrith, Chris; Mohan, Damian",The management of cylindrical battery ingestion in psychiatric settings,Psychiatric Bulletin,Bibliography Search,,,,,,,,
49,541,1999,"Klingler, Paul; Seelig, Matthias; DeVault, Kenneth; Wetscher, Gerold; Floch, Neil; Branton, Susan; Hinder, Ronald",Ingested Foreign Bodies within the Appendix: A 100-Year Review of the Literature,Digestive Diseases,Bibliography Search,,,,,,,,
50,542,2000,"Stiles, B. M.; Wilson, W. H.; Bridges, M. A.; Choudhury, A.; Rivera-Arias, J.; Nguyen, D. B.; Edlich, R. F.",Denture esophageal impaction refractory to endoscopic removal in a psychiatric patient,The Journal of Emergency Medicine,Bibliography Search,,,,,,,,
51,543,2001,"Kumar, A.; Jazieh, A. R.",Case report of sideroblastic anemia caused by ingestion of coins,American Journal of Hematology,Bibliography Search,,,,,,,,
52,544,2001,"Lam, H. C.; Woo, J. K.; van Hasselt, C. A.",Management of ingested foreign bodies: a retrospective review of 5240 patients,The Journal of Laryngology and Otology,Bibliography Search,,,,,,,,
54,546,2001,"Mosca, S.; Manes, G.; Martino, R.; Amitrano, L.; Bottino, V.; Bove, A.; Camera, A.; De Nucci, C.; Di Costanzo, G.; Guardascione, M.; Lampasi, F.; Picascia, S.; Picciotto, F. P.; Riccio, E.; Rocco, V. P.; Uomo, G.; Balzano, A.",Endoscopic management of foreign bodies in the upper gastrointestinal tract: report on a series of 414 adult patients,Endoscopy,Bibliography Search,,,,,,,,
55,547,2002,"Athanassiadi, Kalliopi; Gerazounis, M.; Metaxas, E.; Kalantzi, Nikolitsa",Management of esophageal foreign bodies: a retrospective review of 400 cases,European Journal of Cardio-Thoracic Surgery: Official Journal of the European Association for Cardio-Thoracic Surgery,Bibliography Search,,,,,,,,
56,548,2002,"Cauchi, J. A.; Shawis, R. N.",Multiple magnet ingestion and gastrointestinal morbidity,Archives of Disease in Childhood,Bibliography Search,,,,,,,,
57,549,2002,"Mahafza, Tareq; Batieha, Anwar; Suboh, Munther; Khrais, Tareq",Esophageal foreign bodies: a Jordanian experience,International Journal of Pediatric Otorhinolaryngology,Bibliography Search,,,,,,,,
58,550,2002,"McCormick, S.; Brennan, P.; Yassa, J.; Shawis, R.",Children and mini-magnets: an almost fatal attraction,Emergency medicine journal: EMJ,Bibliography Search,,,,,,,,
59,551,2002,"Mihmanli, Ismail; Kurugoglu, Sebuh; Kantarci, Fatih; Atakir, Kadir; Akman, Canan",Intracardiac needle in a 12-year-old girl with self-injurious behaviour,Pediatric Radiology,Bibliography Search,,,,,,,,
60,552,2002,"Omejc, M.",Laparoscopic removal of an ingested pin migrating into the liver,Surgical Endoscopy,Bibliography Search,,,,,,,,
61,553,2002,"Weiland, Steven T; Schurr, Michael J",Conservative Management of Ingested Foreign Bodies,Journal of Gastrointestinal Surgery,Bibliography Search,,,,,,,,
62,554,2003,"Dumaguing, Noel I.; Singh, Indra; Sethi, Mohammad; Devanand, D. P.",Pica in the geriatric mentally ill: unrelenting and potentially fatal,Journal of Geriatric Psychiatry and Neurology,Bibliography Search,,,,,,,,
63,555,2003,"Gundogar, Duru; Demir, Serap Baspinar; Eren, Ibrahim",Is pica in the spectrum of obsessive-compulsive disorders?,General Hospital Psychiatry,Bibliography Search,,,,,,,,
64,556,2004,"Oestreich, Alan E.",Multiple magnet ingestion alert,Radiology,Bibliography Search,,,,,,,,
65,557,2004,"Sica, Giuseppe S.; Djapardy, Veronica; Westaby, Stephen; Maynard, Nicholas D.",Diagnosis and management of aortoesophageal fistula caused by a foreign body,The Annals of Thoracic Surgery,Bibliography Search,,,,,,,,
66,558,2004,"Tay, Ee Tein; Weinberg, Gerard; Levin, Terry L.",Ingested magnets: the force within,Pediatric Emergency Care,Bibliography Search,,,,,,,,
67,559,2004,"Vesna, Djokić; Tatjana, Atanasijević; Slobodan, Savić; Slobodan, Nikolić",Cardiac tamponade caused by migration of a swallowed sewing needle,Forensic Science International,Bibliography Search,,,,,,,,
69,561,2005,"Ali, Fawzi E.; Al-Busairi, Waleed A.; Esbaita, Emad Y.; Al-Bustan, Mahmoud A.",Chronic perforation of the sigmoid colon by foreign body,Current Surgery,Bibliography Search,,,,,,,,
70,562,2005,"Clarke, D. L.; Buccimazza, I.; Anderson, F. A.; Thomson, S. R.",Colorectal foreign bodies,Colorectal Disease: The Official Journal of the Association of Coloproctology of Great Britain and Ireland,Bibliography Search,,,,,,,,
71,563,2005,"Encinas, J. L.; García-Bermejo, C.; Andrés, A. M.; Burgos, L.; Hernández, P.; Tovar, J. A.",[Multiple intestinal perforations due to ingestion of magnetized pieces of a toy],"Anales De Pediatria (Barcelona, Spain: 2003)",Bibliography Search,,,,,,,,
73,565,2005,"Liu, Steven; de Blacam, Catherine; Lim, Foong-Yen; Mattei, Peter; Mamula, Petar",Magnetic foreign body ingestions leading to duodenocolonic fistula,Journal of Pediatric Gastroenterology and Nutrition,Bibliography Search,,,,,,,,
74,566,2005,"Nagaraj, Hirikati S.; Sunil, Indira",Multiple foreign body ingestion and ileal perforation,Pediatric Surgery International,Bibliography Search,,,,,,,,
75,567,2005,"Ohno, Yasuharu; Yoneda, Akira; Enjoji, Akihito; Furui, Junichiro; Kanematsu, Takashi",Gastroduodenal fistula caused by ingested magnets,Gastrointestinal Endoscopy,Bibliography Search,,,,,,,,
76,568,2005,"Wildhaber, Barbara E.; Le Coultre, Claude; Genin, Bernard","Ingestion of magnets: innocent in solitude, harmful in groups",Journal of Pediatric Surgery,Bibliography Search,,,,,,,,
77,569,2006,"Choure, Jayant; Quinn, Kathleen; Franco, Kathleen",Baking-soda pica in an adolescent patient,Psychosomatics,Bibliography Search,,,,,,,,
78,570,2006,"Goh, Brian K.P.; Chow, Pierce K.H.; Quah, Hak-Mien; Ong, Hock-Soo; Eu, Kong-Weng; Ooi, London L.P.J.; Wong, Wai-Keong",Perforation of the Gastrointestinal Tract Secondary to Ingestion of Foreign Bodies,World Journal of Surgery,Bibliography Search,,,,,,,,
80,572,2006,"Lee, Min-Ro; Hwang, Yong; Kim, Jong-Hun",A case of colohepatic penetration by a swallowed toothbrush,World Journal of Gastroenterology,Bibliography Search,,,,,,,,
81,573,2006,"Li, Zhao-Shen; Sun, Zhen-Xing; Zou, Duo-Wu; Xu, Guo-Ming; Wu, Ren-Pei; Liao, Zhuan",Endoscopic management of foreign bodies in the upper-GI tract: experience with 1088 cases in China,Gastrointestinal Endoscopy,Bibliography Search,,,,,,,,
82,574,2006,"Ma, Cheng-Jen; Jan, Chang-Ming; Hsieh, Jan-Sing; Huang, Yu-Sheng; Wang, Wen-Ming; Chan, Hon-Man; Wang, Jaw-Yuan",Successful localization and surgical removal of ingested sewing needles under mini C-arm fluoroscopy: a case report,The Kaohsiung Journal of Medical Sciences,Bibliography Search,,,,,,,,
83,575,2006,"Silverberg, Daniel; Menes, Tehillah; Kim, Unsup","Surgery for ""body packers""--a 15-year experience",World Journal of Surgery,Bibliography Search,,,,,,,,
84,576,2006,"Vijaysadan, Viju; Perez, Maria; Kuo, David","Revisiting Swallowed Troubles: Intestinal Complications Caused by Two Magnets—A Case Report, Review and Proposed Revision to the Algorithm for the Management of Foreign Body Ingestion",The Journal of the American Board of Family Medicine,Bibliography Search,,,,,,,,
85,577,2007,"Alzahem, Abdulrahman M.; Soundappan, Soundappan S. V.; Jefferies, Heather; Cass, Daniel T.",Ingested magnets and gastrointestinal complications,Journal of Paediatrics and Child Health,Bibliography Search,,,,,,,,
86,578,2007,"Cox, David; Donohue, Peter; Costa, Vanda",A swallowed toothbrush causing perforation 2 years after ingestion,"British Journal of Hospital Medicine (London, England: 2005)",Bibliography Search,,,,,,,,
87,579,2007,"Fenton, Stephen J.; Torgenson, Marcus; Holsti, Maija; Black, Richard E.",Magnetic attraction leading to a small bowel obstruction in a child,Pediatric Surgery International,Bibliography Search,,,,,,,,
88,580,2007,"Ilçe, Zekeriya; Samsum, Hakan; Mammadov, Emil; Celayir, Sinan",Intestinal volvulus and perforation caused by multiple magnet ingestion: report of a case,Surgery Today,Bibliography Search,,,,,,,,
89,581,2007,"Lee, Tae Hee; Kang, Young Woo; Kim, Hyun Jin; Kim, Sun Moon; Im, Euyi Heog; Huh, Kyu Chan; Choi, Young Woo; Kim, Tae Hyo; Lee, Ok Jae; Jung, Un Tae",Foreign Objects in Korean Prisoners,The Korean Journal of Internal Medicine,Bibliography Search,,,,,,,,
92,584,2008,"Chao, Hsiao-Hsiang; Chao, Tzu-Chieh",Perforation of the duodenum by an ingested toothbrush,World Journal of Gastroenterology,Bibliography Search,,,,,,,,
93,585,2008,"Hergüner, Sabri; Ozyildirim, Ilker; Tanidir, Cansaran",Is Pica an eating disorder or an obsessive-compulsive spectrum disorder?,Progress in Neuro-Psychopharmacology & Biological Psychiatry,Bibliography Search,,,,,,,,
94,586,2008,"Kariholu, P. L.; Jakareddy, R.; Hemanthkumar, M.; Paramesh, K. N.; Pavankumar, N. P.",Pica - a case of acuphagia or hyalophagia?,The Indian Journal of Surgery,Bibliography Search,,,,,,,,
95,587,2008,"O'Donnell, M. E.; Gibson, N.; Sharif, M. A.; Spence, R. a. J.; Lee, J.",Crohn's disease of the terminal ileum: a cheap diagnosis,Irish Journal of Medical Science,Bibliography Search,,,,,,,,
96,588,2008,"Rodríguez-Hermosa, J. I.; Codina-Cazador, A.; Sirvent, J. M.; Martín, A.; Gironès, J.; Garsot, E.",Surgically treated perforations of the gastrointestinal tract caused by ingested foreign bodies,Colorectal Disease: The Official Journal of the Association of Coloproctology of Great Britain and Ireland,Bibliography Search,,,,,,,,
97,589,2008,"Schierling, Steven; Snyder, Samuel K.; Custer, Monford; Pohl, John F.; Easley, David",Magnet ingestion,The Journal of Pediatrics,Bibliography Search,,,,,,,,
98,590,2009,"Bhatia, Manjeet S.; and Gupta, Ravi",Pica responding to SSRI: An OCD spectrum disorder?,The World Journal of Biological Psychiatry,Bibliography Search,,,,,,,,
99,591,2009,"Ersoy, Y. E.; Ayan, F.; Ayan, F.; Ersan, Y.",Gastro-intestinal bezoars: thirty-five years experience,Acta Chirurgica Belgica,Bibliography Search,,,,,,,,
100,592,2009,"Prieto-Aldape, Manuel Rodrigo; Almaguer-García, Francisco Issac; Figueroa-Jiménez, Sandra Edith; Fernández-Díaz, Oscar; Mora-Huerta, José Antonio; González-Ojeda, Alejandro",Relapsing massive metal bezoar: a case report,Journal of Medical Case Reports,Bibliography Search,,,,,,,,
101,593,2009,"Saeed, Atif; Johal, Navroop S.; Aslam, Adil; Brain, Jeffrey; Fitzgerald, Ray J.",Attraction problems following magnet ingestion,Annals of the Royal College of Surgeons of England,Bibliography Search,,,,,,,,
102,594,2009,"Yasin, Malik Amjad; Malik, Ghazala Nasreen; Malik, Sikandar Ali; Rathore, Farooq Azam",Metal in stomach: a rare cause of gastric bezoar,BMJ Case Reports,Bibliography Search,,,,,,,,
105,597,2010,"Brown, Daniel J.",Small bowel perforation caused by multiple magnet ingestion,The Journal of Emergency Medicine,Bibliography Search,,,,,,,,
106,598,2010,"Fry, Emily; Counselman, Francis L.",A right scrotal abscess and foreign body ingestion in a schizophrenic patient,The Journal of Emergency Medicine,Bibliography Search,,,,,,,,
108,600,2010,"Karaman, A.; Torun, E.; Celikbilek, M.; Gürsoy, S.; Ozbakir, O.",Endoscopic Removal of an Unusual Foreign Body Causing Gastrointestinal Bleeding,Case Reports in Gastroenterology,Bibliography Search,,,,,,,,
109,601,2010,"Smit, Samuel J. A.; Kleinhans, F.",Surgical practice in a maximum security prison - unique and perplexing problems,South African Medical Journal = Suid-Afrikaanse Tydskrif Vir Geneeskunde,Bibliography Search,,,,,,,,
113,605,2011,"Sung, Sang Hun; Jeon, Seong Woo; Son, Hyuk Su; Kim, Sung Kook; Jung, Min Kyu; Cho, Chang Min; Tak, Won Young; Kweon, Young Oh",Factors predictive of risk for complications in patients with oesophageal foreign bodies,Digestive and Liver Disease: Official Journal of the Italian Society of Gastroenterology and the Italian Association for the Study of the Liver,Bibliography Search,,,,,,,,
115,607,2011,"Tonkic, Ante; Bogdanovic, Zoran; Grandić, Leo",Successful endoscopic removal of a swallowed toothbrush: case report,Case Reports in Gastroenterology,Bibliography Search,,,,,,,,
116,608,2011,"Wu, W.-T.; Chiu, C.-T.; Kuo, C.-J.; Lin, C.-J.; Chu, Y.-Y.; Tsou, Y.-K.; Su, M.-Y.",Endoscopic management of suspected esophageal foreign body in adults,Diseases of the Esophagus: Official Journal of the International Society for Diseases of the Esophagus,Bibliography Search,,,,,,,,
117,609,2012,"Ambe, Peter; Weber, Sebastian A.; Schauer, Mathias; Knoefel, Wolfram T.",Swallowed Foreign Bodies in Adults,Deutsches Ärzteblatt international,Bibliography Search,,,,,,,,
119,611,2012,"Cevizci, Mehmet Nuri; Karadağ, Cetin Ali; Demir, Mesut; Dokucu, Ali Ihsan",[Intestinal perforation due to multiple magnet ingestion: a case report],Ulusal travma ve acil cerrahi dergisi = Turkish journal of trauma & emergency surgery: TJTES,Bibliography Search,,,,,,,,
120,612,2012,"Chiu, Yu-Hui; Hou, Sen-Kuang; Chen, Sau-Chin; How, Chorng-Kuang; Lam, Carlos; Kao, Wei-Fong; Yen, David Hung-Tsang; Huang, Mu-Shun",Diagnosis and endoscopic management of upper gastrointestinal foreign bodies,The American Journal of the Medical Sciences,Bibliography Search,,,,,,,,
121,613,2012,"Liu, Shiqi; Li, Jianhui; Lv, Yi",Gastrointestinal damage caused by swallowing multiple magnets,Frontiers of Medicine,Bibliography Search,,,,,,,,
123,615,2012,"Peng, Anquan; Li, Youzhong; Xiao, Zian; Wu, Weijing",Study of clinical treatment of esophageal foreign body-induced esophageal perforation with lethal complications,European Archives of Oto-Rhino-Laryngology,Bibliography Search,,,,,,,,
124,616,2012,"Sewpaul, A.; Shaban, F.; Venkatasubramaniam, A. K.; Tennant, D.; Kelly, S. B.",The case of the forgotten toothbrush,International Journal of Surgery Case Reports,Bibliography Search,,,,,,,,
125,617,2013,"Ataya, A.; Alraiyes, A.H.; Alraies, M.C.",Razor blades in the stomach,QJM: An International Journal of Medicine,Bibliography Search,,,,,,,,
126,618,2013,"Cevik, Muazez; Gókdemir, Mehmet Tahir; Boleken, Mehmet Emin; Sogut, Ozgur; Kurkcuoglu, Can",The characteristics and outcomes of foreign body ingestion and aspiration in children due to lodged foreign body in the aerodigestive tract,Pediatric Emergency Care,Bibliography Search,,,,,,,,
127,619,2013,"Erbil, Bülent; Karaca, Mehmet Ali; Aslaner, Mehmet Ali; Ibrahimov, Zaur; Kunt, Mehmet Mahir; Akpinar, Erhan; Özmen, Mehmet Mahir",Emergency admissions due to swallowed foreign bodies in adults,World Journal of Gastroenterology,Bibliography Search,,,,,,,,
128,620,2013,"Fine, Sean; Watson, James B.; Habr, Fadlallah","Now You See It, Endo You Don't: Case of the Disappearing Knife",Gastroenterology,Bibliography Search,,,,,,,,
129,621,2013,"Kumar, Gupta Suresh; Amar, Verma; Ramesh, Bharti; Abbey, R. K.",Bizarre Metal Bezoar: A Case Report,Indian Journal of Surgery,Bibliography Search,,,,,,,,
130,622,2013,"Li, Quan-Peng; Ge, Xian-Xiu; Ji, Guo-Zhong; Fan, Zhi-Ning; Zhang, Fa-Ming; Wang, Yun; Miao, Lin",Endoscopic retrieval of 28 foreign bodies in a 100-year-old female after attempted suicide,World Journal of Gastroenterology,Bibliography Search,,,,,,,,
131,623,2013,"Misra, S.; Jain, V.; Ahmad, F.; Kumar, R.; Kishore, N.",Metallic sewing needle ingestion presenting as acute abdomen,Nigerian Journal of Clinical Practice,Bibliography Search,,,,,,,,
132,624,2013,"Visagan, R.; Grossman, R.; Dimitriadis, P. A.; Desai, A.",‘Crohn'z meanz Heinz’: foreign body inflammatory mass mimicking Crohn’s disease,Case Reports,Bibliography Search,,,,,,,,
133,625,2014,"Albeldawi, Mazen; Birgisson, Sigurbjorn",Conservative management of razor blade ingestion,Gastroenterology Report,Bibliography Search,,,,,,,,
135,627,2014,"Brown, Julie C.; Otjen, Jeffrey P.; Drugas, George T.",Pediatric magnet ingestions: the dark side of the force,American Journal of Surgery,Bibliography Search,,,,,,,,
136,628,2014,"Dyke, Julia; Hendry, Kyle; Hill, Jason; Schultz, Michael; Mason, Evan; Glue, Paul",Management of a Cluster of Foreign Body Ingestion Incidents in Patients with Borderline Personality Disorder,Open Journal of Psychiatry,Bibliography Search,,,,,,,,
137,629,2014,"Emara, Mohamed H.; Darwiesh, Ehab M.; Refaey, Mohamed M.; Galal, Sherif M.",Endoscopic removal of foreign bodies from the upper gastrointestinal tract: 5-year experience,Clinical and Experimental Gastroenterology,Bibliography Search,,,,,,,,
138,630,2014,"Morales, Yolanda Madrid; Guarnero, Peter Andrew",Non-suicidal self-injury among adult males in a correctional setting,Issues in Mental Health Nursing,Bibliography Search,,,,,,,,
139,631,2014,"Narjis, Youssef","Surgical digestive emergencies in prisoners, about a prospective study","Journal of Emergencies, Trauma, and Shock",Bibliography Search,,,,,,,,
143,635,2014,"Sugawa, Choichi; Ono, Hiromi; Taleb, Mona; Lucas, Charles E.",Endoscopic management of foreign bodies in the upper gastrointestinal tract: A review,World Journal of Gastrointestinal Endoscopy,Bibliography Search,,,,,,,,
145,637,2015,"Kar, Sujita Kumar; Kamboj, Abhilove; Kumar, Rajesh",Pica and psychosis - clinical attributes and correlations: a case report,Journal of Family Medicine and Primary Care,Bibliography Search,,,,,,,,
146,638,2015,"Kim, Darae; Yang, Pil-Sung; Choi, Jung-Ho; Seo, Jiwon; Chun, Kyeong-Hyeon; Lee, Sang-Eun; Hong, Geu-Ru; Joo, Hyun-Chel; Choi, Donghoon",Metallic foreign body in heart mimicking moderator band,Yonsei Medical Journal,Bibliography Search,,,,,,,,
147,639,2015,"Kim, Joo Heung; Lee, Dae Sup; Kim, Kwang Min",Acute appendicitis caused by foreign body ingestion,Annals of Surgical Treatment and Research,Bibliography Search,,,,,,,,
148,640,2015,"Kobiela, Jarek; Mittlener, Stanislaw; Gorycki, Tomasz; Lachinski, Andrzej; Adrych, Krystian",Vast collection of foreign bodies in the stomach presenting as acute gastrointestinal bleeding in a patient with schizophrenia,Endoscopy,Bibliography Search,,,,,,,,
149,641,2015,"Ugenti, I.; Digennaro, R.; Martines, G.; Caputi Iambrenghi, O.",Double esophageal perforation by ingested foreign body: Endoscopic and surgical approach. A case report.,International Journal of Surgery Case Reports,Bibliography Search,,,,,,,,
150,642,2015,"Upadhyay, Surjya Prasad; Zahir, Mohammad; Muttari, Hasan Al; Mallick, Piyush N.",A rare case of unusual migrated foreign bodies in kidney and their successful extraction using retrograde percutaneous nephrostomy,Qatar Medical Journal,Bibliography Search,,,,,,,,
151,643,2016,"Atayan, Yahya; Cagin, Yasir Furkan; Erdogan, Mehmet Ali; Bilgic, Yılmaz; Bestas, Remzi; Harputluoglu, Murat; Seckin, Yüksel",Lighter Ingestion as an Uncommon Cause of Severe Vomiting in a Schizophrenia Patient,Case Reports in Gastrointestinal Medicine,Bibliography Search,,,,,,,,
152,644,2016,"August, Auriel; Mueller, Claudia",Early recognition is important when multiple magnets masquerade as a single chain after foreign body ingestion,Journal of Pediatric Surgery Case Reports,Bibliography Search,,,,,,,,
153,645,2016,"Bekkerman, Mikhael; Sachdev, Amit H.; Andrade, Javier; Twersky, Yitzhak; Iqbal, Shahzad",Endoscopic Management of Foreign Bodies in the Gastrointestinal Tract: A Review of the Literature,Gastroenterology Research and Practice,Bibliography Search,,,,,,,,
154,646,2016,"Elghali, Mohamed amine; Ghrissi, Rafik; Fadhl, Houssem; Mahjoub, Mohamed; Jarrar, Mohamed Salah; Jedidi, Maher; Letaief, Rached; Hamila, Fehmi",The Management of Voluntary Ingestion of Razor Blades by Inmates,International Surgery,Bibliography Search,,,,,,,,
155,647,2016,"Geraci, Girolamo; Sciume', Carmelo; Di Carlo, Giovanni; Picciurro, Antonino; Modica, Giuseppe",Retrospective analysis of management of ingested foreign bodies and food impactions in emergency endoscopic setting in adults,BMC emergency medicine,Bibliography Search,,,,,,,,
156,648,2016,"Hershman, Melissa",Pointing towards colonoscopy: sharp foreign body removal via colonoscopy,Annals of Gastroenterology,Bibliography Search,,,,,,,,
157,649,2016,"Kiran, S.; Gupta, Deepak; Sadalage, Abhishek; Gupte, Amit; Jain, Abhinav; Shukla, Akash",Swallowed toothbrush: Case series,Journal of Digestive Endoscopy,Bibliography Search,,,,,,,,
158,650,2016,"Leinwand, Kristina; Brumbaugh, David E.; Kramer, Robert E.",Button Battery Ingestion in Children: A Paradigm for Management of Severe Pediatric Foreign Body Ingestions,Gastrointestinal Endoscopy Clinics of North America,Bibliography Search,,,,,,,,
159,651,2016,"Mazek, Haitham; Sherif, Khaled; Islam, Sameer; Nugent, Kenneth",An Unusual Number of Self-ingested Foreign Bodies,The American Journal of the Medical Sciences,Bibliography Search,,,,,,,,
160,652,2016,"Obinwa, Obinna; Cooper, David; O’Riordan, James M.",An ingested mobile phone in the stomach may not be amenable to safe endoscopic removal using current therapeutic devices: A case report,International Journal of Surgery Case Reports,Bibliography Search,,,,,,,,
161,653,2016,"Trachsel, Manuel; Irwin, Scott A.; Biller-Andorno, Nikola; Hoff, Paul; Riese, Florian","Palliative psychiatry for severe persistent mental illness as a new approach to psychiatry? Definition, scope, benefits, and risks",BMC psychiatry,Bibliography Search,,,,,,,,
162,654,2017,"Ali, Syed Muhammad",Duodenal Perforation by Swallowed Toothbrush: Case Report and Review of Literature,Open Access Journal of Surgery,Bibliography Search,,,,,,,,
164,656,2017,"Sarici, Inanc Samil; Topuz, Omer; Sevim, Yusuf; Sarigoz, Talha; Ertan, Tamer; Karabıyık, Ozgur; Koc, Ali",Endoscopic Management of Colonic Perforation due to Ingestion of a Wooden Toothpick,The American Journal of Case Reports,Bibliography Search,,,,,,,,
165,657,2017,"Zamary, Kirellos R.; Davis, James W.; Ament, Emily E.; Dirks, Rachel C.; Garry, John E.",This too shall pass: A study of ingested sharp foreign bodies,Journal of Trauma and Acute Care Surgery,Bibliography Search,,,,,,,,
166,658,2018,"Camacho Dorado, Cristina; Sánchez Gallego, Alba; Miota de Llama, Jose Ignacio; González Masiá, Jose Antonio",Metallic bezoar after suicide attempt,Cirugia Espanola,Bibliography Search,,,,,,,,
168,660,2018,"Dal, Fatih; Hatipoğlu, Engin; Teksöz, Serkan; Ertem, Metin",Foreign body: A sewing needle migrating from the gastrointestinal tract to pancreas,Turkish Journal of Surgery,Bibliography Search,,,,,,,,
170,662,2018,"Libânio, Diogo; Garrido, Mónica; Jácome, Filipa; Dinis-Ribeiro, Mário; Pedroto, Isabel; Marcos-Pinto, Ricardo",Foreign body ingestion and food impaction in adults: better to scope than to wait,United European Gastroenterology Journal,Bibliography Search,,,,,,,,
171,663,2018,"Montacer, Khaoula El; Haddad, Fouad; Mansouri, Souhaila El; Tahiri, Mohammed; Hliwa, Wafaa; Bellabah, Ahmed; Badre, Wafaa",[An ileo-caecal foreign body mimicking a Crohn disease: case report],The Pan African Medical Journal,Bibliography Search,,,,,,,,
172,664,2018,"Yuan, Fangfang; Tang, Xiaowei; Gong, Wei; Su, Lei; Zhang, Yali",Endoscopic management of foreign bodies in the upper gastrointestinal tract: An analysis of 846 cases in China,Experimental and Therapeutic Medicine,Bibliography Search,,,,,,,,
173,665,2019,"Al-Musawi, Mohammed; Rubay, David; Ohanisian, Levonti; Sidley, Angel; Abed, Ali N.",An Unusual Presentation of a Cardiac Foreign Body in a Pediatric Patient,Cureus,Bibliography Search,,,,,,,,
175,667,2019,,Paper or Plastic? A Foreign Body Ingestion Leading to Small Bowel Obstruction. A Case Report,ARC Journal of Clinical Case Reports,Bibliography Search,,,,,,,,
177,669,2020,"Lee, Jeffrey; Thomas, Jessina; Rowland, Patrick; Jump, Candi",Ingestion of an Entire Vaping Device,Journal of Pediatric Gastroenterology and Nutrition,Bibliography Search,,,,,,,,
178,670,2020,"Limpias Kamiya, Kenji Jl; Hosoe, Naoki; Takabayashi, Kaoru; Hayashi, Yukie; Sun, Xi; Miyanaga, Ryoichi; Fukuhara, Kayoko; Fukuhara, Seiichiro; Naganuma, Makoto; Nakayama, Atsushi; Kato, Motohiko; Maehata, Tadateru; Nakamura, Rieko; Ueno, Koichi; Sasaki, Junichi; Kitagawa, Yuko; Yahagi, Naohisa; Ogata, Haruhiko; Kanai, Takanori",Endoscopic removal of foreign bodies: A retrospective study in Japan,World Journal of Gastrointestinal Endoscopy,Bibliography Search,,,,,,,,
180,672,2020,"Pawar, Ankush; Dalal, Ashok; Dahale, Amol; Sachdeva, Sanjeev; Puri, Amarender Singh",Mobile Phone in Stomach—Is Endoscopic Trial Worthwhile?: A Case Report,Journal of Digestive Endoscopy,Bibliography Search,,,,,,,,
181,673,2020,"Skok, Pavel; Skok, Kristijan","Urgent endoscopy in patients with ""true foreign bodies"" in the upper gastrointestinal tract - a retrospective study of the period 1994-2018",Zeitschrift Fur Gastroenterologie,Bibliography Search,,,,,,,,
182,674,2020,"Tsuruya, Kota; Chino, Osamu; Tanaka, Yoichi; Shimma, Yoshimasa; Tsuda, Shingo; Kikuchi, Masahiro; Shiozawa, Hirokazu; Aoki, Jun; Nakamura, Tomoki; Hanashi, Tomoko; Suzuki, Takayoshi; Matsushima, Masashi",Successful combination of endoscopic and laparoscopic removal of multiple ingested needles: A case report,Medicine,Bibliography Search,,,,,,,,
183,675,2021,"AlMuhsin, Ahmed M.; Alsalman, Fatima; Bubshait, Ahmad; Hajar, Rami O. Abu; AlMuhsin, Ahmed M.; Alsalman, Fatima; Bubshait, Ahmad; Hajar, Rami O. Abu",Surgical Management of Massive Metal Bezoar,Cureus,Bibliography Search,,,,,,,,
184,676,2021,"Kappagantu, Vignan; Mishra, Prakash Ranjan; Ranjan, Anupam Kumar; Aggarwal, Praveen; Agarwal, Ashish; G., Bharath",Mobile phone ingestion requiring endoscopic retrieval,The American Journal of Emergency Medicine,Bibliography Search,,,,,,,,
185,677,2021,"Masood, Muaaz","Intentional Foreign Body Ingestions: A Complex, Recurrent and Costly Issue",American Journal of Case Reports,Bibliography Search,,,,,,,,
186,678,2021,"Wang, Xin; Su, Shuai; Chen, Yiming; Wang, Zelan; Li, Ying; Hou, Junjie; Zhong, Weilong; Wang, Yuming; Wang, Bangmao","The removal of foreign body ingestion in the upper gastrointestinal tract: a retrospective study of 1,182 adult cases",Annals of Translational Medicine,Bibliography Search,,,,,,,,
187,679,2022,"Liu, Qing; Liu, Fei; Xie, Huahong; Dong, Jiaqiang; Chen, Hui; Yao, Liping",Emergency Removal of Ingested Foreign Bodies in 586 Adults at a Single Hospital in China According to the European Society of Gastrointestinal Endoscopy (ESGE) Recommendations: A 10-Year Retrospective Study,Medical Science Monitor: International Medical Journal of Experimental and Clinical Research,Bibliography Search,,,,,,,,
188,680,2022,"Mesfin, Telila; Tekalegn, Yohannes; Aman, Mudesir; Geta, Girma; Ketema, Adugna; Defere, Fekata; Girma, Dejene; Tsegaye, Mesfin; Mengistu, Takele; Seyoum, Kenbon",Ingestion of Metallic Materials Found in the Stomach and First Part of the Duodenum of a Schizophrenic Man: Case Report,International Medical Case Reports Journal,Bibliography Search,,,,,,,,
189,681,2022,"Mesfin, Yikunoamlak",The Will to Live and Reverence for Life: A Philosophical Base for Biocentrism,International Journal of Applied Philosophy,Bibliography Search,,,,,,,,
190,682,2022,"Sagvand, Babak T.; Najafali, Daniel; Yardi, Isha; Sahadzic, Iana; Afridi, Leenah; Kohler, Alyssa; Afridi, Ikram; Kaur, Noorvir; Tran, Quincy K.",Emergent Endoscopy for Esophageal Foreign Body Removal: The Impact of Location,Cureus,Bibliography Search,,,,,,,,
191,683,2022,"Yan, Tyler D.; Leung, Philemon H. Y.; Zwirewich, Charles; Harris, Alison; Chartier-Plante, Stephanie",An unusual cause of pericardial effusion: A case report of a hepatic abscess following foreign body migration and duodenal perforation,International Journal of Surgery Case Reports,Bibliography Search,,,,,,,,
192,684,2023,"Anand, Madhur; Topno, Noor; Lynrah, Kyrshanlang G.; Aggarwal, Swati",Doormatobezoar: first case report of a bezoar formed by doormat ingestion,International Surgery Journal,Bibliography Search,,,,,,,,
194,686,2023,"Jin, Shengjian; Horiguchi, Taigo; Ma, Xiaolong; Yuan, Shichao; Liu, Qingguo",Metallic foreign bodies ingestion by schizophrenic patient: a case report,Annals of Medicine and Surgery,Bibliography Search,,,,,,,,
195,687,2023,"Ngu, Natalie Lee Yee; Karp, Jadon; Taylor, Kirstin","Patient characteristics, outcomes and hospital-level healthcare costs of foreign body ingestion from an Australian, non-prison referral centre",BMJ Open Gastroenterology,Bibliography Search,,,,,,,,
196,688,2023,"Rezazadeh, Amin; Khanghah, Ali Samady; Mousazadeh, Siamak; Noori, Farzad",Removing 216 sharp metal foreign objects from the digestive tract of a 30-year-old male: case report,Annals of Medicine and Surgery (2012),Bibliography Search,,,,,,,,