Study_ID,Patient_Demographic_Described,History_Timeline,Current_Condition_Described,Diagnostic_Assessment_Described,Intervention_Treatment_Described,Post_Intervention_Condition_Described,Harms_Described,Takeaway_Lessons_Provided,Overall_Appraisal,Reviewer_Initials,Review_Date,Comments_Reasoning
39,,,,,,,,,,,,
51,,,,,,,,,,,,
54,,,,,,,,,,,,
60,,,,,,,,,,,,
61,,,,,,,,,,,,
85,,,,,,,,,,,,
92,,,,,,,,,,,,
99,,,,,,,,,,,,
101,,,,,,,,,,,,
113,,,,,,,,,,,,
138,,,,,,,,,,,,
148,,,,,,,,,,,,
168,,,,,,,,,,,,
171,,,,,,,,,,,,
172,,,,,,,,,,,,
175,,,,,,,,,,,,
182,,,,,,,,,,,,
195,,,,,,,,,,,,
214,,,,,,,,,,,,
217,,,,,,,,,,,,
219,,,,,,,,,,,,
226,,,,,,,,,,,,
231,,,,,,,,,,,,
238,,,,,,,,,,,,
260,,,,,,,,,,,,
261,,,,,,,,,,,,
273,,,,,,,,,,,,
274,,,,,,,,,,,,
278,,,,,,,,,,,,
292,,,,,,,,,,,,
300,,,,,,,,,,,,
311,,,,,,,,,,,,
314,,,,,,,,,,,,
319,,,,,,,,,,,,
322,,,,,,,,,,,,
327,,,,,,,,,,,,
328,,,,,,,,,,,,
333,,,,,,,,,,,,
345,,,,,,,,,,,,
348,,,,,,,,,,,,
349,,,,,,,,,,,,
353,,,,,,,,,,,,
356,,,,,,,,,,,,
359,,,,,,,,,,,,
360,,,,,,,,,,,,
369,,,,,,,,,,,,
370,,,,,,,,,,,,
373,,,,,,,,,,,,
377,,,,,,,,,,,,
380,,,,,,,,,,,,
382,,,,,,,,,,,,
386,,,,,,,,,,,,
399,,,,,,,,,,,,
402,,,,,,,,,,,,
405,,,,,,,,,,,,
406,,,,,,,,,,,,
409,,,,,,,,,,,,
414,,,,,,,,,,,,
416,,,,,,,,,,,,
421,,,,,,,,,,,,
431,,,,,,,,,,,,
439,,,,,,,,,,,,
443,,,,,,,,,,,,
451,,,,,,,,,,,,
456,,,,,,,,,,,,
460,,,,,,,,,,,,
465,,,,,,,,,,,,
471,,,,,,,,,,,,
475,,,,,,,,,,,,
476,,,,,,,,,,,,
482,,,,,,,,,,,,
483,,,,,,,,,,,,
484,,,,,,,,,,,,
485,,,,,,,,,,,,
495,,,,,,,,,,,,
498,,,,,,,,,,,,
499,,,,,,,,,,,,
504,,,,,,,,,,,,
507,,,,,,,,,,,,
532,,,,,,,,,,,,
535,,,,,,,,,,,,
536,,,,,,,,,,,,
539,,,,,,,,,,,,
540,,,,,,,,,,,,
543,,,,,,,,,,,,
548,,,,,,,,,,,,
554,,,,,,,,,,,,
556,,,,,,,,,,,,
558,,,,,,,,,,,,
559,,,,,,,,,,,,
565,,,,,,,,,,,,
566,,,,,,,,,,,,
567,,,,,,,,,,,,
568,,,,,,,,,,,,
572,,,,,,,,,,,,
574,,,,,,,,,,,,
576,,,,,,,,,,,,
578,,,,,,,,,,,,
579,,,,,,,,,,,,
582,,,,,,,,,,,,
583,,,,,,,,,,,,
586,,,,,,,,,,,,
589,,,,,,,,,,,,
592,,,,,,,,,,,,
593,,,,,,,,,,,,
594,,,,,,,,,,,,
597,,,,,,,,,,,,
598,,,,,,,,,,,,
602,,,,,,,,,,,,
604,,,,,,,,,,,,
610,,,,,,,,,,,,
617,,,,,,,,,,,,
620,,,,,,,,,,,,
621,,,,,,,,,,,,
622,,,,,,,,,,,,
623,,,,,,,,,,,,
625,,,,,,,,,,,,
626,,,,,,,,,,,,
637,,,,,,,,,,,,
640,,,,,,,,,,,,
643,,,,,,,,,,,,
644,,,,,,,,,,,,
651,,,,,,,,,,,,
652,,,,,,,,,,,,
654,,,,,,,,,,,,
658,,,,,,,,,,,,
661,,,,,,,,,,,,
667,,,,,,,,,,,,
675,,,,,,,,,,,,
680,,,,,,,,,,,,
683,,,,,,,,,,,,
684,,,,,,,,,,,,
686,,,,,,,,,,,,
692,,,,,,,,,,,,
